ID,RiskScore
0,32.86695602305254
1,52.380043563221356
2,29.529109360943387
3,36.16032304186442
4,36.150794291005354
5,69.55332664179227
6,30.068951508176152
7,31.244240833334363
8,39.774760783421655
9,66.27309553662602
10,33.13934789066922
11,29.85369163140101
12,64.08678421410603
13,33.95662864804038
14,33.856935466471995
15,60.889451453099426
16,21.55007112749849
17,34.67076928149752
18,65.26730629228545
19,62.71905205467662
20,73.21151859846935
21,31.934116905331827
22,69.70482125760967
23,41.72700208738172
24,46.251401492902545
25,26.181780176402338
26,30.31180339635145
27,29.38372813578587
28,49.943259274058995
29,66.5469634359443
30,28.926887491257258
31,67.3310781763071
32,33.00805630886512
33,32.3878908816422
34,38.752886060088585
35,37.7886498074654
36,64.67760534563249
37,55.87201548188396
38,51.283049742982065
39,71.46755416091993
40,72.5272584196503
41,45.697593935121475
42,79.56456483140977
43,20.66714963824564
44,55.12644324981852
45,30.658622458378044
46,34.62577146397446
47,68.92111810751634
48,29.842409197498405
49,39.16453393949402
50,65.53722200769406
51,55.98964958568617
52,43.55683662082818
53,24.962639073545564
54,33.471835983761935
55,38.2814735565145
56,68.22451834923964
57,39.17051983685652
58,40.84439399367827
59,61.16712879710158
60,65.9747387405281
61,47.21308256055094
62,31.90895655533459
63,87.19100067815711
64,29.27425919124268
65,34.78006038524579
66,57.31177722915954
67,64.03794372316423
68,38.18075008297227
69,71.77092098503371
70,33.66710913742671
71,42.716056187842604
72,47.72080896430125
73,54.57185788966459
74,45.506071668568694
75,69.72941484834625
76,70.29265312126661
77,24.80101267362717
78,52.30322706407156
79,56.621477217271675
80,73.43683103526234
81,54.25640100184976
82,59.9248898600339
83,32.15011686298814
84,71.6285779592108
85,75.14877501229519
86,59.069388923752136
87,21.61457528566015
88,37.769198059073
89,68.61856459908263
90,36.09009412119014
91,45.354999783600924
92,44.979688409603845
93,30.929237383162338
94,41.67702794712935
95,39.446207230102445
96,33.943406564050306
97,72.91098174227983
98,37.78350169669547
99,63.01848332319907
100,31.385361829117358
101,33.825943100141586
102,67.65186642047968
103,74.09212231595419
104,31.90949621136979
105,80.11335733157333
106,75.72635480171995
107,70.76620539419828
108,36.92576260379788
109,72.28614097190281
110,51.821229947331595
111,70.39090983910273
112,78.33962540160775
113,63.88878198458392
114,69.02836660265768
115,30.73049126715507
116,70.78325619815885
117,53.855813083076505
118,43.88818468043442
119,48.48087011804711
120,22.385278902922824
121,78.68444631268157
122,33.72363300661173
123,52.15200761899895
124,35.74877125533695
125,59.398744808798895
126,21.940352960199736
127,27.553233293390022
128,35.026908265540555
129,66.96102723310464
130,30.922209764469596
131,72.91902251344277
132,66.85143976437791
133,77.4445805222786
134,23.113024916545434
135,39.892315767119584
136,22.26595572138346
137,43.34243346852528
138,28.736834259662142
139,50.82052896175559
140,39.04182483076234
141,39.387972375343
142,26.468269128369204
143,25.868639372209316
144,63.012374888803315
145,30.18001546825561
146,46.06073173997971
147,63.094732691775604
148,66.09611411768489
149,68.61164547373113
150,40.98137052048658
151,31.676884554117482
152,77.64342960833346
153,48.927809695669396
154,63.7566439138501
155,31.79573372955251
156,69.5124236850919
157,63.46736470238094
158,70.96368082119685
159,72.35275379545925
160,31.231243150699903
161,35.9714285332118
162,70.76892018300575
163,37.129286280904
164,40.7872767456658
165,48.99068430383667
166,37.90721721699465
167,31.69369278790908
168,37.23818303577661
169,28.009168909955594
170,39.45919381174793
171,47.99351881669193
172,67.82321400338814
173,49.46534961864708
174,32.3737283028467
175,59.27259959368024
176,49.71251773505899
177,44.016072587781025
178,53.828658760656715
179,72.21429523838756
180,48.06468690608204
181,30.133435003865447
182,58.82298328918445
183,71.00797470444769
184,74.11852384959812
185,64.23431462797714
186,74.45531874300211
187,57.43424579442908
188,34.57528480636141
189,19.655784269503187
190,30.118744682285143
191,72.78176040528695
192,53.02926302859417
193,28.085223565307558
194,68.87094172078736
195,23.87982275423546
196,34.007760459248075
197,59.580247348151005
198,64.15000785002741
199,36.49760876606008
200,29.992347016669065
201,55.66616227406051
202,34.09920801944895
203,33.64514791451845
204,72.41100837529375
205,60.040968029307486
206,70.07728026527681
207,35.940837272380016
208,50.291320300543795
209,60.871437496092035
210,30.369354007304338
211,29.837067425121905
212,74.5625749966934
213,65.71182766635822
214,39.525135876122064
215,56.666583120674446
216,60.76992330651602
217,61.75089252131806
218,50.71588388259711
219,30.580789972750647
220,31.052293852196154
221,35.264955124609145
222,31.158688445106243
223,51.34836829195829
224,27.52510307069826
225,64.34493615116888
226,59.86919337518579
227,37.38188327454853
228,38.603048000102845
229,41.01939554771433
230,53.23469668939265
231,47.76695452688714
232,36.07926998076769
233,47.972704023218455
234,78.0988314842243
235,62.196557532840586
236,30.078155099183274
237,46.41327281648425
238,67.59708957623776
239,32.42633815344031
240,70.93615706060035
241,75.54617301304617
242,41.60474589177041
243,64.86517483976628
244,69.09217631361048
245,65.0544309491543
246,22.246547029589333
247,45.32256614144742
248,75.80290096479098
249,24.794244428485005
250,64.46655239610908
251,34.53663789173384
252,35.74118192038554
253,44.52910960292812
254,55.424092157862326
255,32.31342553501008
256,53.06287216381751
257,73.75853820150688
258,66.19505156254388
259,31.481501878112997
260,48.65507862926873
261,46.228618544956845
262,28.049200309869278
263,75.84097598204838
264,67.04261737637816
265,28.204841299860373
266,45.03118916024745
267,28.140598736194903
268,66.08215615640638
269,74.22442770145628
270,54.29961686313478
271,78.46834159056395
272,33.09583857826134
273,45.58828541724249
274,28.510462350239422
275,48.6705838374206
276,64.16910083128884
277,35.95503344145576
278,58.460379025619375
279,28.38311639255613
280,61.5848640004803
281,62.386527074667356
282,52.00538120319031
283,53.74308180779636
284,37.444546885577154
285,31.342593330927798
286,30.113014672714982
287,70.91124055859038
288,48.70160085058597
289,35.69169113288823
290,48.88633878325836
291,39.472569513589455
292,54.130983857857316
293,71.98564419878556
294,31.60633978089729
295,71.42544971200697
296,75.07794936983476
297,32.306480544083485
298,40.837787445962206
299,70.50895328680481
300,45.625696886744535
301,75.64404032907191
302,49.8657919013662
303,36.13566304289694
304,58.00646943286364
305,28.395333537645442
306,34.775363979814244
307,66.80829201255176
308,55.180196487819934
309,29.527741093204817
310,71.79308723419402
311,52.84203815789741
312,45.28024454876805
313,43.955288854236365
314,73.2316174499307
315,73.10073315922723
316,38.271004202713215
317,34.19375337133017
318,59.311923756247836
319,35.471641962651375
320,28.21888090920872
321,36.91675379166395
322,72.70229600866028
323,62.2321353717804
324,89.66632247494468
325,36.9163221581961
326,71.07759333631256
327,32.52042606989691
328,46.78819904284198
329,29.93365519581651
330,37.4766301704672
331,76.30899649293681
332,25.841034249968203
333,70.6303901492258
334,59.69299456692787
335,62.50656999652048
336,60.80390176213005
337,26.41867536566847
338,35.14492437772532
339,42.601034490084444
340,68.42767978677973
341,74.89473401977084
342,70.5107145615678
343,61.36601924685732
344,33.05627311349042
345,32.99279509634995
346,39.351040589414005
347,37.532500024837645
348,41.40097718899505
349,25.0526824878015
350,49.32556124222704
351,31.901907603358364
352,54.06741173714544
353,26.81276281253526
354,23.71012251423623
355,31.765167080364506
356,23.771073020782392
357,28.976344610312136
358,35.40809616939613
359,68.68986988428387
360,32.11511875699379
361,27.330277746018705
362,35.083782766544665
363,62.939587429481605
364,50.491991411214066
365,46.92335172724007
366,51.81712159636948
367,29.663656535125863
368,60.0303190167139
369,56.39423800389579
370,37.693590117567254
371,26.529650412824505
372,33.709283044228165
373,71.5195217087819
374,53.114005849980074
375,37.00132239578475
376,26.414990950892836
377,64.42565617298831
378,50.5934122217326
379,64.3329249092462
380,35.292102871611036
381,30.229734394722477
382,61.212406278612235
383,64.43604938177549
384,39.70732479624337
385,64.63119949368209
386,28.030974778401294
387,28.77448505908394
388,55.070232952398236
389,30.782468638406396
390,71.2905198522734
391,67.9519601874313
392,64.65652321192752
393,39.599447994541165
394,77.44997830714118
395,74.9607988493061
396,34.238805172684195
397,24.887920074403453
398,69.27419965361032
399,35.594087178030385
400,44.35669326958517
401,70.58718615600091
402,27.30570225664139
403,69.50402887505248
404,72.56875976409057
405,54.41767162203378
406,29.72944814904927
407,61.40363171415267
408,42.47175502671813
409,32.334400605817514
410,37.14655036270006
411,39.157477655774386
412,31.51256407805652
413,38.23023131420967
414,60.791549153849
415,51.98588329185602
416,40.8411178242328
417,38.77500785025499
418,29.356088748671183
419,43.15502809906026
420,25.254453782559803
421,41.11860083996156
422,33.29151118826041
423,53.611806409420325
424,31.03429860434779
425,46.42853881046169
426,31.782768045414226
427,34.83070390119591
428,48.74166845114212
429,32.886158895888045
430,62.25314804387127
431,29.445172388655294
432,72.81129354326194
433,63.63722210431568
434,71.54799305851067
435,55.83332116490451
436,28.363079100292893
437,74.67576185117919
438,43.87445353152167
439,44.46543249424916
440,71.83075781425515
441,31.214842748709955
442,70.63144336168419
443,67.85301670624875
444,65.20872359974966
445,69.098050522114
446,70.81536272863156
447,52.37788676426716
448,57.3148201555061
449,75.24410759080752
450,67.13414082865502
451,74.88139498687599
452,28.115176430169928
453,53.1504758877448
454,59.79183877305317
455,48.20787793630186
456,46.16480137132502
457,52.659792712754616
458,42.107696715689244
459,56.555092179884554
460,34.233883643238315
461,37.13337754634226
462,27.716156122458813
463,45.93640836477592
464,26.915188291518106
465,55.34534479480258
466,27.439551526663816
467,60.898202435080066
468,41.96657760251875
469,70.79190974641853
470,53.45695012718588
471,67.25797880739046
472,34.736067241553734
473,35.65398989573198
474,27.3866874990871
475,72.62070838048193
476,26.57083715122704
477,73.78214473877183
478,27.78446400273618
479,58.808817370247425
480,57.607289561520716
481,41.00901982227327
482,68.21938893448028
483,38.41632585898053
484,36.690934323952966
485,62.16034339442954
486,67.64843312466243
487,33.41190089543986
488,76.07218771037265
489,25.091703155906835
490,72.22894161090116
491,37.87427999367242
492,64.4127737032566
493,30.263713589142846
494,70.37695554859513
495,35.37863238452928
496,78.69671758975507
497,70.21337151208512
498,36.94766791188365
499,30.011509286289257
500,58.46741318255189
501,44.65626256416751
502,73.05807295351637
503,28.526968754094735
504,44.90851010771018
505,52.393937562509606
506,40.90614866730087
507,72.6025874149157
508,26.57573756333121
509,77.1269044276688
510,39.745796888146515
511,64.21315771296184
512,28.29121092029002
513,85.79689128106358
514,66.99517658126403
515,35.30002675129691
516,46.123014006846965
517,46.50439075529437
518,42.6261242337654
519,47.17516617806271
520,67.98991671399622
521,68.90712462842836
522,70.89199707980296
523,26.919772667857476
524,34.30597115768572
525,69.0790863605474
526,43.73703485589961
527,54.113824787854526
528,27.019940504015764
529,38.3789735434953
530,32.29373834443532
531,27.754370011481942
532,36.396649098102365
533,57.03844228307472
534,53.2863143209445
535,31.95528800810349
536,55.86859101491906
537,77.34187704791809
538,69.55544669045157
539,74.06842427254807
540,66.43187729211482
541,38.632643936226245
542,79.09678832135195
543,48.07404606624083
544,63.8026615695935
545,75.56927539245152
546,72.83250005115062
547,68.05793758101018
548,63.98508101409576
549,52.91528737277644
550,42.109546644018174
551,30.02709555188142
552,53.536719173498454
553,30.966044172091777
554,75.33858391415572
555,43.336181866391726
556,37.31451655866265
557,37.638825831428335
558,74.33334326266119
559,41.49470124673989
560,33.85242281841955
561,67.77306807076322
562,71.47463086659985
563,67.72477351907047
564,29.52123110117779
565,73.90935210313059
566,62.21410090926307
567,45.212372420403085
568,58.239553611567544
569,34.85464122392815
570,74.26019862501697
571,29.015505255281646
572,73.25072622128403
573,50.714882267804725
574,50.77600777697585
575,42.933505869129704
576,39.62983194438285
577,27.130825185095063
578,57.09489914035608
579,30.31672402010898
580,28.874843335715383
581,32.60697803446511
582,75.27838776433768
583,42.85809585403222
584,41.81323009282337
585,30.348132388658897
586,73.57116649195784
587,44.08798069086987
588,45.276885791603185
589,30.19339604963727
590,68.24328932172924
591,45.6698271875382
592,76.1286681577927
593,61.620487327162316
594,63.98711941463283
595,31.091134796196748
596,70.02927404877975
597,37.97605125121702
598,47.167851496994075
599,54.72686231832944
600,34.79068051354155
601,69.38738317482336
602,59.65460596176128
603,68.30256398477368
604,64.51755574462197
605,36.51276841564545
606,38.348362996455435
607,64.7003973323989
608,32.426873691032775
609,31.978410048141914
610,63.42203242681746
611,47.379576731513346
612,35.7945930347724
613,36.60019737759349
614,38.00829714998429
615,40.494687883525415
616,30.72534211647107
617,32.18894477151697
618,55.61443975029779
619,35.44165798173128
620,34.721289877167465
621,56.285774629918976
622,68.78386777481599
623,61.078155577038665
624,32.44417378852363
625,77.33614306138875
626,48.87311214904383
627,67.9474883812217
628,77.72368370867531
629,35.23923767894172
630,37.88380444348499
631,37.553839578926215
632,71.94717645568886
633,40.25907751182256
634,32.46584345285802
635,40.17581981521588
636,32.23351906672082
637,67.88915871085716
638,30.841352332968622
639,75.49132934689348
640,68.41628712816002
641,45.32674968779641
642,36.419211471308216
643,69.90397196738888
644,59.525006577640426
645,30.817714484176808
646,70.42112530423881
647,65.19686426013462
648,57.432528972597694
649,82.66198389816827
650,30.424764233607227
651,34.417489449588686
652,19.117122881979807
653,34.7126614263221
654,30.97449120776668
655,42.581218118007754
656,31.063308829235392
657,76.24055489166032
658,37.45112282479188
659,40.481127339531795
660,42.02205029156195
661,18.711493935192497
662,28.112454916629446
663,36.524036665057835
664,40.23551573869077
665,72.38159379722924
666,25.693332303725093
667,39.0519248973881
668,62.75109374487981
669,34.318435552485084
670,32.19652612124122
671,33.01164733329608
672,20.343573881852517
673,36.26446587370548
674,34.848372721356576
675,70.84858758873608
676,49.58681060172392
677,34.43177142339727
678,37.83715339273103
679,77.48213960562973
680,63.59238111900514
681,43.73057751175006
682,33.94077815973027
683,49.20414915289957
684,29.795864444183632
685,48.01189395326515
686,67.28801845396778
687,34.9018983421752
688,80.55870588335478
689,60.118085737919486
690,37.0155276785726
691,60.924525060464184
692,66.29572986841468
693,36.25614284448312
694,26.876615361121058
695,71.48690093850327
696,49.63985083818335
697,74.6628726232124
698,76.72783707219942
699,33.32473668668365
700,55.859760903700746
701,38.846332595469164
702,30.279170924172174
703,32.96676345583435
704,29.85157395771691
705,29.829794480504795
706,49.22630894376419
707,69.84177614311487
708,56.620840932677126
709,44.86746203562071
710,63.59303714895615
711,55.60371537782913
712,36.07537789497272
713,69.82573091505014
714,67.9606738559667
715,16.08851267441777
716,29.884234676109067
717,65.79692400788417
718,36.48100839853148
719,43.507783202206134
720,62.267603199993275
721,66.72402073764282
722,29.350176787603548
723,27.83641653430368
724,59.61525072277102
725,45.22489506041492
726,32.97808071177936
727,58.993201170675505
728,75.91970862190148
729,30.165451762559968
730,30.201456806217536
731,44.77684313702181
732,30.65635192426725
733,44.050561620787775
734,46.226059458144505
735,28.167366171390217
736,64.88389271305446
737,43.43184100083664
738,41.091247765127555
739,26.983035919210344
740,31.282068426731456
741,64.38677987451591
742,51.14894977241465
743,37.00789302890728
744,33.010126511429874
745,49.29530280337709
746,51.68818258252953
747,62.67622790449522
748,32.59272904054203
749,44.98913850483958
750,71.4977820027157
751,41.499402177375906
752,84.37007336178607
753,42.591815519464944
754,35.705821245534956
755,51.10879924623693
756,22.929027124724403
757,72.85740511338945
758,70.29937585482789
759,54.943364058652946
760,29.72369164613845
761,42.423165978592536
762,43.25460960770658
763,44.04734065075993
764,73.83470031202977
765,71.62069316233911
766,28.685120376572208
767,90.64831912968407
768,30.968197361482233
769,40.86473629657404
770,29.830404647284837
771,74.61702800916207
772,63.25862227026259
773,26.140443261008862
774,30.472179093904792
775,42.674872211769035
776,40.07080658601486
777,32.30336222073045
778,33.578762702313185
779,35.96996301289108
780,44.95100947971415
781,47.26273888022544
782,74.06649661632282
783,77.17413978812957
784,41.830285543657396
785,27.462606326301056
786,50.82363528131829
787,71.53413584801996
788,64.60315177124602
789,44.909153379497276
790,67.19831707240175
791,29.75227118274948
792,29.558910822996797
793,33.59669631477679
794,76.21911244082449
795,39.34145787487187
796,48.863391905180904
797,32.93837412959546
798,74.03737505418174
799,71.48379258324289
800,66.84542952420284
801,52.00353600834697
802,33.19619249843317
803,52.97642010267035
804,70.9545556341287
805,67.66499529746774
806,63.25835197626613
807,55.25586523288231
808,66.62195350687989
809,49.32808355496774
810,72.48947381891642
811,52.03399519746836
812,27.768153173861588
813,71.91991194454992
814,50.19987879187951
815,77.73240623392344
816,24.602511215658375
817,53.358702688504636
818,73.4443910622344
819,34.2492446220961
820,37.876623517376345
821,48.21839296184263
822,49.11468125671155
823,61.88215256703909
824,74.78472460171812
825,85.1671482458706
826,55.932601988941755
827,42.20035399377029
828,28.707316312998717
829,39.04601886118927
830,34.72122552576481
831,67.78930732711761
832,45.54403528572289
833,47.51617907863871
834,32.08076477853379
835,61.83822372106524
836,31.681098684483256
837,33.15580621635602
838,31.837603475859527
839,52.3716890484483
840,71.72067709029962
841,67.75142822713033
842,54.27810123242376
843,55.53216375503877
844,84.15568157539087
845,38.18440712541809
846,43.884184539282636
847,31.545378062266575
848,69.99820495875471
849,41.74999576931397
850,28.411735757381546
851,60.28553783397524
852,49.27196093304729
853,33.35582275551408
854,33.702945544067106
855,30.913018036995414
856,60.72412367729716
857,24.625815411554115
858,32.163375523281275
859,65.3022635484478
860,34.12410043180947
861,41.27832531652116
862,51.33256303830588
863,26.112058775419666
864,29.47240119317539
865,45.91055867796991
866,78.6490154184066
867,30.74436965394466
868,42.36454690200739
869,63.849099003125964
870,29.57315388331894
871,29.203517092672637
872,56.06738542649364
873,49.030414685915645
874,17.222219192563966
875,66.58852220543793
876,32.05996961116783
877,35.34553050240728
878,39.3279694539257
879,26.16094066853018
880,30.5574828207567
881,30.698105069979164
882,74.22238077185784
883,33.36774415627806
884,50.34160104365979
885,28.141015634563065
886,56.49451620948632
887,55.39452754030804
888,73.37659972849136
889,57.68710555161442
890,33.20618633250303
891,29.751985329003414
892,74.4644684883625
893,32.40416922747917
894,38.722928257536246
895,23.70590471552338
896,55.967845415219
897,41.07420344259986
898,43.36108914949362
899,72.2237665145385
900,28.039428417733532
901,69.63507006238665
902,78.5994018601579
903,72.10690779784031
904,52.355218573162176
905,77.42251145947569
906,47.88892783835448
907,70.23862263453918
908,49.93821729702188
909,52.49043316525175
910,51.06103525859139
911,71.97667788124657
912,74.6526218946331
913,65.8252905140677
914,31.37495423806073
915,43.25533873731777
916,57.914067778695006
917,48.39267161451654
918,28.315118375761788
919,36.33345423623575
920,26.95618650239817
921,31.093181946004016
922,48.45707529748975
923,33.717084866110035
924,67.40529734485102
925,81.36283165335058
926,55.6085335672636
927,36.625868387246555
928,37.34283347531661
929,31.170698347073643
930,37.19564095476301
931,30.57247999245562
932,29.619310561756755
933,52.84369407378222
934,29.78119784090045
935,46.34188021039461
936,68.28478091297373
937,24.651832826617248
938,68.63629971110873
939,56.0162072237378
940,64.88357019600737
941,45.49152388750368
942,42.27340648613682
943,61.752324430640336
944,27.20649124437131
945,68.07894639203917
946,36.73634095635954
947,57.4962622017088
948,55.32058048403808
949,45.93634497389126
950,27.237214468981193
951,47.805600939560414
952,50.930591168899575
953,52.06004326892616
954,42.38448376965816
955,87.49568492728352
956,62.392600509194565
957,42.60420100520623
958,47.49319616849657
959,30.275222485924434
960,34.288446362937826
961,46.42550513717922
962,32.647902410894446
963,71.15618536798993
964,50.4298656229442
965,37.05700313877122
966,30.455063620235826
967,70.17014621019806
968,27.975362180484264
969,28.27902799974898
970,64.16884743108594
971,34.91764687541652
972,29.749521243569674
973,38.007549485605786
974,36.838052501996714
975,33.53412542819726
976,55.56666980838897
977,69.77332544008978
978,70.61702940112025
979,28.605964825351332
980,52.687566490302096
981,35.50652276717454
982,66.07529581653574
983,31.259768675248793
984,50.06037592102964
985,42.13724868431149
986,32.500833934492285
987,74.03916341305651
988,29.162568893504826
989,73.733491407028
990,41.91726354147933
991,49.71916956637211
992,41.64423480854031
993,28.11834904950753
994,72.18574992353984
995,16.576809178935218
996,52.41494206266178
997,27.529331431135297
998,74.04061805781815
999,28.87058705711523
1000,28.432373867836084
1001,62.86072911347747
1002,32.521816024705444
1003,62.65795390977004
1004,58.44852650915271
1005,26.175805619277455
1006,75.4581788399991
1007,34.43893790508098
1008,55.13715944244792
1009,32.40716983298785
1010,70.96348974966239
1011,30.29649694376811
1012,31.61508791988467
1013,70.14024601872069
1014,56.27391578650411
1015,72.6603630247291
1016,38.45969408015706
1017,51.34243354808273
1018,31.25068437725999
1019,74.61982154139801
1020,28.55803386724058
1021,42.302947125721076
1022,42.707565361701484
1023,66.26834522660086
1024,61.84244176119206
1025,25.926389686291007
1026,32.422913556526254
1027,31.271388328902095
1028,23.67018015398196
1029,30.39042021189064
1030,62.23491723584718
1031,32.74172662861242
1032,38.01816812922155
1033,29.718727321928537
1034,30.598889055050336
1035,67.741272321903
1036,73.81257130690531
1037,69.87060623742957
1038,53.90387201601761
1039,66.90539379104366
1040,53.182037229794304
1041,27.505440426731894
1042,67.61352306355876
1043,70.9886632588766
1044,26.479688838823797
1045,69.13487594825294
1046,34.73846836160613
1047,34.34699996033713
1048,43.917424400676914
1049,32.039883361081515
1050,31.00736749435751
1051,71.2894386520149
1052,44.04443166762379
1053,53.090616562571064
1054,65.90788899459038
1055,39.32894095007201
1056,30.43393024190877
1057,30.525427570197255
1058,55.86390718092926
1059,31.204019059289564
1060,66.05745587427353
1061,53.15977542841631
1062,64.36863594563906
1063,56.73212677927484
1064,40.0554590646874
1065,58.28335609644715
1066,51.92592169892684
1067,53.18092582704689
1068,31.047255240028985
1069,38.181108776113234
1070,41.291495268681
1071,23.471366505725396
1072,42.31334983018747
1073,33.97830164317666
1074,60.807284356494826
1075,36.2732629806785
1076,76.60054896787491
1077,41.427284571164144
1078,60.889815369885554
1079,49.1580923942082
1080,33.44285597022401
1081,31.581801377222
1082,31.846537340060923
1083,74.80819846761867
1084,60.22442127316222
1085,29.09170292589126
1086,31.774170296074566
1087,64.78421553492606
1088,31.68213513223521
1089,43.727091364191416
1090,30.312486555254555
1091,75.31072865312316
1092,68.63766653960813
1093,24.29521590359437
1094,30.922445871663378
1095,75.83285036788823
1096,36.02613568023822
1097,72.70363859115918
1098,66.90745932236845
1099,76.1868026441301
1100,27.735322981827746
1101,27.84268028516818
1102,57.982400142520035
1103,29.796632130996542
1104,65.45457170243498
1105,36.362015934815865
1106,63.06952828226919
1107,58.275799468966625
1108,24.412632529567997
1109,56.46856563670152
1110,52.33705711611921
1111,51.6331069994802
1112,53.882043978972746
1113,35.14182273984193
1114,65.19680026039254
1115,66.55516594513021
1116,50.40532774698761
1117,37.485523689634626
1118,59.20003751754488
1119,40.93802934771706
1120,37.54939795995624
1121,31.69312052620375
1122,31.501283135338724
1123,36.16729840173243
1124,67.19340968839711
1125,24.467096807041948
1126,62.410951421079346
1127,49.58072856030771
1128,41.61503156330768
1129,40.79802154944022
1130,63.23442773633024
1131,76.91784699372921
1132,39.56056193136059
1133,37.165729717773274
1134,65.5342587080444
1135,52.08994544703996
1136,45.60880539449914
1137,52.258895955857234
1138,50.01666673272071
1139,44.512984414854124
1140,48.33353252329931
1141,47.1153448052167
1142,72.46821279303798
1143,25.94401307051742
1144,64.59365921442703
1145,72.20240524724518
1146,33.778042130567556
1147,48.87316795231596
1148,32.85365491120051
1149,66.46406629866972
1150,30.241413112510482
1151,35.66409899340739
1152,27.393434962724776
1153,58.67973226799217
1154,32.3124999099513
1155,35.43397635142012
1156,28.395461057484646
1157,73.22125699833643
1158,62.085529989925305
1159,62.72825105832958
1160,28.80482920879767
1161,61.79590919169039
1162,70.927555064981
1163,27.380843286104053
1164,70.8167768611601
1165,61.813687846475744
1166,69.68940650066759
1167,70.18535414351018
1168,33.473649750133596
1169,48.43476767136589
1170,26.956632399598906
1171,72.65627293006386
1172,29.685602772691258
1173,59.309424206004344
1174,60.068070728001665
1175,41.45124530777618
1176,57.78416106136265
1177,63.56878928189938
1178,40.24498145473022
1179,30.043121250045942
1180,38.535724591918694
1181,68.0886678977522
1182,53.62587318112252
1183,30.767100636704633
1184,37.472513837838434
1185,44.7684249657538
1186,67.16261066739213
1187,47.48636772990921
1188,21.59979769386189
1189,28.581915614911285
1190,29.479475336630784
1191,57.45576817587679
1192,45.52988357703318
1193,34.48860374961862
1194,42.60309447315958
1195,42.233627125892546
1196,30.523263542860917
1197,69.19435785392538
1198,30.914650603484816
1199,52.39879977968812
1200,68.15032557062719
1201,33.78137536976867
1202,73.28940299151552
1203,57.46120430269299
1204,64.60451909132951
1205,30.74016597837499
1206,33.24438277948505
1207,64.95858607077696
1208,45.24256079795995
1209,63.257321113727734
1210,50.43858630133875
1211,41.920389969253435
1212,82.60904404023523
1213,51.82191511075859
1214,71.24544770247206
1215,63.256127550465365
1216,28.552177267840925
1217,52.388513472438454
1218,32.47157467345648
1219,63.12564382437081
1220,36.896387533149564
1221,44.809425235437
1222,39.91129653577883
1223,36.06660991697497
1224,32.25590184017659
1225,56.01688894099521
1226,71.70396381433042
1227,57.838108100634564
1228,37.54288475262852
1229,63.34799640540365
1230,38.03155121089555
1231,28.12818477722079
1232,45.124333852120856
1233,59.25095276071141
1234,65.38409811489831
1235,46.03383209544856
1236,79.20423583000967
1237,54.488421891823734
1238,52.613114841925906
1239,31.417580866594683
1240,33.93502472942357
1241,67.56887178279037
1242,37.25789142736688
1243,34.392707519569136
1244,50.01084231657971
1245,50.38105985269778
1246,69.31188424288395
1247,50.22968221445254
1248,75.03561045166887
1249,25.845464164208124
1250,45.7531971756332
1251,27.052783363300378
1252,30.489841596097065
1253,27.247878048075275
1254,79.54787569416573
1255,51.453353113485655
1256,43.895443343405105
1257,73.59688748815961
1258,67.01473885642076
1259,73.58659733267194
1260,56.17291778637532
1261,32.14293823968697
1262,30.26974475877136
1263,75.0900759550013
1264,28.92217795819682
1265,60.03639204182237
1266,32.21938599557946
1267,67.29650408704897
1268,33.29558020436381
1269,64.44621399764871
1270,36.424835730309496
1271,38.55903872054977
1272,41.54894336792361
1273,40.611944595948984
1274,65.72847316446531
1275,68.26809646218045
1276,57.73876327044553
1277,34.829749989294555
1278,41.80544352069414
1279,29.89478748534772
1280,69.47950746919848
1281,58.90915255251665
1282,50.30610111234849
1283,31.979949169839678
1284,71.14682579461471
1285,81.22116419859648
1286,38.940189564935935
1287,43.06881606511774
1288,50.09114834341705
1289,61.06214298870756
1290,34.21575575907302
1291,71.3644405716989
1292,52.652520154329416
1293,29.985898906598642
1294,44.158142682022984
1295,67.87864311151142
1296,32.07201490988449
1297,36.012418690515005
1298,36.48005135276144
1299,46.61613954304807
1300,40.91087168190092
1301,80.6108520632238
1302,64.9136596287405
1303,64.59215092694741
1304,68.41606290640516
1305,43.02500555011956
1306,65.08119698716054
1307,28.58309940112156
1308,53.54249612006363
1309,32.09532387397212
1310,48.116465398401466
1311,59.19415599628133
1312,69.73367918848992
1313,37.6491269533019
1314,29.742681618118436
1315,29.77703762977981
1316,28.537445302909028
1317,56.067953094713
1318,30.62524244400887
1319,37.920032514609474
1320,54.38005558939761
1321,32.903719888929075
1322,70.94762851783884
1323,70.52425500228782
1324,48.61348293032753
1325,66.69878238512271
1326,38.84667999057546
1327,28.008434508256343
1328,72.72365021764122
1329,40.38631618146658
1330,63.31488684408533
1331,45.32434601310828
1332,29.534107950827497
1333,34.559723518839526
1334,73.22723609034352
1335,73.15505107230763
1336,72.89969272677767
1337,31.81385488781375
1338,46.95724914529541
1339,54.00633564622812
1340,29.233054373976106
1341,30.038248675160887
1342,29.66692255397785
1343,33.668145793637535
1344,30.22935791909289
1345,26.87347499194788
1346,51.335191884617274
1347,28.572951107617488
1348,66.92533497203647
1349,58.59718140938248
1350,38.61888115922146
1351,61.904096550528536
1352,29.506663692197645
1353,74.57720714709859
1354,69.351508828082
1355,32.02334441978728
1356,67.24091133207925
1357,30.43096308902799
1358,29.694514631453462
1359,34.163976859094475
1360,50.20106418816641
1361,71.56708832838149
1362,42.70716924989795
1363,32.706740431043706
1364,26.486946147505137
1365,39.33039484625746
1366,34.282326347905695
1367,31.940453184770792
1368,63.00391583916685
1369,35.189970168787866
1370,35.01697525086926
1371,29.526837475118853
1372,26.666499349226413
1373,72.67993015779552
1374,27.13986593113281
1375,25.392720352918793
1376,75.17250961708415
1377,34.16130910323875
1378,63.198377559805095
1379,28.328566796124488
1380,31.54820533042967
1381,34.4712104083309
1382,31.940980053458
1383,33.19120595130278
1384,69.45479079536348
1385,79.62282221144356
1386,73.43130038390301
1387,45.21123402815798
1388,30.630177729500087
1389,34.869814266157746
1390,71.51904110492151
1391,35.351591280148966
1392,71.65623867000406
1393,64.9271035661905
1394,39.25379431015096
1395,56.87048585432501
1396,33.988503106105235
1397,39.295460700792454
1398,58.57487241503941
1399,48.38250216243637
1400,27.466502685186825
1401,51.682390066381714
1402,27.377584013518792
1403,27.541133475163296
1404,66.05650374349105
1405,76.27000724880209
1406,35.60464430951996
1407,36.81156142802172
1408,53.640840356788615
1409,58.90203725045571
1410,31.566414217643203
1411,35.30979593056914
1412,72.72194614316724
1413,50.5362643059109
1414,59.94872755655706
1415,73.46141820643633
1416,75.15192286653055
1417,25.320437325699096
1418,66.617365977133
1419,78.28356462173551
1420,60.509150274030176
1421,69.09042689014713
1422,76.92080784780288
1423,48.90041279889413
1424,34.494092880051994
1425,34.66917640983567
1426,41.65103510940961
1427,60.03349501780804
1428,69.4353482401269
1429,35.92702389808612
1430,75.45316566618935
1431,23.923095992875954
1432,23.887009436146915
1433,69.08459444791502
1434,59.21572529497717
1435,51.35613877022056
1436,29.660633000695416
1437,32.73766834545579
1438,84.47479659132603
1439,60.92007959107923
1440,62.88648850650088
1441,34.263705459503605
1442,44.20002007254667
1443,27.496494427647946
1444,39.138119336726334
1445,31.20613505364215
1446,42.88930701326855
1447,69.93620400505915
1448,64.99705090144539
1449,48.18907439552136
1450,48.479269412432835
1451,43.14065145413501
1452,32.16764263648773
1453,64.7407567562202
1454,45.75269514963399
1455,72.64833886821174
1456,69.6372509187838
1457,75.43419147134233
1458,45.13220270302715
1459,68.03477834828936
1460,33.08086871130247
1461,66.57641314847986
1462,61.94387678871672
1463,38.38926730342902
1464,51.03652005092154
1465,42.22127238767168
1466,46.08782334920785
1467,43.74992522225354
1468,47.011665702504516
1469,33.366629290291804
1470,40.9223578916972
1471,35.069108365853836
1472,28.65252302871484
1473,74.29700662589654
1474,46.06049752169271
1475,47.44945489948295
1476,40.033046611538154
1477,55.266478183596426
1478,67.2755368683074
1479,46.07107345246065
1480,43.68698764407881
1481,53.85148775439098
1482,27.942814982915895
1483,46.338144833686954
1484,39.58280359670168
1485,40.97504872378033
1486,64.23676664261288
1487,28.67278915592928
1488,29.184529105935486
1489,31.957903559669237
1490,30.539324718071057
1491,46.55220491766934
1492,49.34264079531833
1493,76.03099540520502
1494,48.548127204400224
1495,63.283874068270535
1496,62.13418898326578
1497,28.582034907268685
1498,62.979689178572976
1499,58.33861015120872
1500,72.18672412274431
1501,37.64055397727025
1502,65.21033431102722
1503,54.726428772862896
1504,70.13542631774172
1505,29.531658234341865
1506,70.58640438627518
1507,35.78875502430232
1508,43.201840938675005
1509,37.70444853072553
1510,59.92614389235112
1511,71.04517726356445
1512,53.21149125258539
1513,33.00938947193411
1514,35.300246548095664
1515,70.47753147597152
1516,71.3525989671264
1517,33.116595981654335
1518,72.605908010219
1519,35.14066034371726
1520,37.49242560472479
1521,50.637043220939816
1522,57.64516895924674
1523,39.56423981505866
1524,35.47602276165702
1525,30.430785737802594
1526,48.944927602303544
1527,34.91511440116575
1528,32.00306942159136
1529,28.293523979571564
1530,72.98198592914302
1531,60.24401194316759
1532,65.29372677110163
1533,50.79197586489475
1534,58.367752296161065
1535,49.620266404147046
1536,55.26462259786749
1537,54.10905969449804
1538,30.556866417558144
1539,48.619212646725096
1540,66.64160514227915
1541,46.627196412190735
1542,84.4406842478771
1543,78.69161540872311
1544,55.734412604519484
1545,33.42662659584096
1546,46.56377785624811
1547,61.36086135895654
1548,74.20090512631278
1549,37.8917538453699
1550,28.024421260327028
1551,28.24371430949717
1552,53.657151398816886
1553,65.6660032472695
1554,70.4132930807778
1555,37.455711527437515
1556,34.20281702309706
1557,35.56032197895624
1558,75.85254370024438
1559,59.43610476637123
1560,68.76050686766345
1561,44.875060073475
1562,63.26823150394796
1563,42.99025943390294
1564,68.94915033026763
1565,32.749940693678994
1566,32.19291390820173
1567,67.86847468141178
1568,38.601444250430845
1569,32.13397028699171
1570,26.404042517694215
1571,31.674785101110217
1572,49.79546659656972
1573,30.532891210171382
1574,68.17055841311797
1575,69.582749989039
1576,66.08210928240335
1577,32.255019925087936
1578,71.57397335370857
1579,49.41667494438003
1580,68.70213748625535
1581,29.282113447517926
1582,52.83366104821397
1583,50.257376077505924
1584,46.88941136090574
1585,73.70249491934516
1586,29.588423990438322
1587,31.105699395263432
1588,34.220132175944784
1589,41.05650970701181
1590,69.4477412936027
1591,47.16850886081632
1592,28.593824004988708
1593,71.6973171995431
1594,67.34793917344993
1595,45.796504559663376
1596,32.86409626651702
1597,63.68387415500918
1598,52.76345891940158
1599,29.040878452271265
1600,32.080485497466185
1601,70.92236428890084
1602,25.044689126359504
1603,55.277224519439216
1604,51.55425250824728
1605,38.40145289175226
1606,54.40513245838895
1607,76.24249397681336
1608,42.22059190958332
1609,46.213524623196534
1610,68.66947827417818
1611,44.05176405513561
1612,51.78310956191263
1613,29.138394878122572
1614,46.53959743218997
1615,69.20146838723663
1616,41.21776906435645
1617,53.08426729767639
1618,52.953733350791296
1619,35.014638102046966
1620,26.193637688386072
1621,45.82414182762168
1622,59.668260256071804
1623,65.28871234878696
1624,74.74919101431023
1625,68.39777438216089
1626,39.75455072102397
1627,48.35202182661242
1628,29.23219418127207
1629,28.26080655731136
1630,44.34705336978467
1631,70.40868114809692
1632,69.28151055003202
1633,34.73596027395244
1634,42.14298648310797
1635,39.4587689532527
1636,42.090591292445104
1637,37.48074699664723
1638,41.635750370475286
1639,33.92937191858903
1640,43.522920091093035
1641,48.09545349427213
1642,43.99346348375899
1643,62.56582552777549
1644,43.3758980623043
1645,56.97370483170455
1646,64.73635981197894
1647,75.91254698439585
1648,22.598597827798276
1649,63.136891314397644
1650,31.31538670626723
1651,45.629696854415684
1652,44.43072042338191
1653,69.50398746686857
1654,35.41191326720926
1655,50.105262683023824
1656,50.175412653867205
1657,63.62804086953722
1658,73.38727221987408
1659,55.82050724923394
1660,54.21890797141454
1661,28.54195553108311
1662,69.19236490493083
1663,30.150842328487375
1664,75.90509131926095
1665,29.18453222376905
1666,47.20727428618402
1667,56.05119243301213
1668,64.08818345564862
1669,32.747605751509596
1670,49.92623632975219
1671,51.739812544584645
1672,66.06446005564709
1673,41.1487674193832
1674,48.21389344831612
1675,62.76712988817113
1676,70.49911826427044
1677,68.8463605635097
1678,62.50207412894505
1679,37.37162758490859
1680,34.76569208895468
1681,59.48453856106289
1682,57.212958286282635
1683,71.43073985393005
1684,62.67344009502229
1685,34.203372206656724
1686,45.36516297007744
1687,26.350942471107214
1688,72.21625981202574
1689,60.63227861569661
1690,50.36652350907133
1691,67.39687247787217
1692,34.83770852668002
1693,46.40198294859773
1694,74.1991232243443
1695,33.13983885530566
1696,46.88186539761135
1697,34.48640344484334
1698,76.27284254737337
1699,70.13554459910296
1700,28.26882450205275
1701,53.89736361059235
1702,27.319454047567337
1703,33.14514949816845
1704,30.131652204712474
1705,39.82146812878282
1706,67.34403516998128
1707,54.033735472498236
1708,26.39230961175363
1709,62.57340628308156
1710,56.558345992109786
1711,67.33283125900651
1712,40.98121994035954
1713,30.760648135272973
1714,51.03264593255279
1715,39.62879920329402
1716,57.92728545940843
1717,41.326401443423464
1718,48.78814464397975
1719,34.1496909037948
1720,44.411941400321616
1721,27.00619509993691
1722,29.626607289281974
1723,54.021843185278804
1724,41.5968662490515
1725,70.35253137894517
1726,67.39067111310518
1727,39.6238768938734
1728,50.36375571975754
1729,70.61008525651707
1730,44.57055456680739
1731,30.278705346527502
1732,41.420911702868594
1733,72.44742815513514
1734,40.009034898702396
1735,51.484766970078844
1736,29.528667522663344
1737,52.246371470837964
1738,29.78965117495163
1739,48.01414094795655
1740,34.88240146594336
1741,33.343501646996806
1742,34.532800426022575
1743,30.29427933100555
1744,80.72887036638357
1745,54.23220976459331
1746,47.073055983018385
1747,71.02960628109666
1748,72.83427198235069
1749,23.631210637143592
1750,42.07929331062188
1751,42.047091872922124
1752,33.767732792887735
1753,53.9196771120329
1754,77.3596790467342
1755,74.41033999027063
1756,52.60377647744668
1757,27.492623144732068
1758,29.54723648612186
1759,76.6044723182399
1760,31.419166364571005
1761,28.782944832682787
1762,58.94897236320721
1763,68.2836709969135
1764,42.82526309959212
1765,32.97208079604225
1766,71.57441384989656
1767,33.414210853440224
1768,70.46920426920872
1769,64.46978860790747
1770,69.60363024833252
1771,36.68813774053604
1772,71.39756039830225
1773,33.02630173146706
1774,29.04025758293419
1775,41.120334860936794
1776,30.868210532535628
1777,29.98012932845179
1778,39.69643540132856
1779,47.39828441803671
1780,36.4446439490952
1781,31.154153087690496
1782,67.41874093766498
1783,27.433476697045542
1784,70.78872157292061
1785,63.71764675227682
1786,33.816813951844935
1787,56.197466807016234
1788,70.13224245227886
1789,34.70567747877011
1790,43.12012169579553
1791,52.69544678412891
1792,36.14211836593432
1793,33.21451486364901
1794,64.48911011060008
1795,62.34463875224369
1796,72.40495350450573
1797,34.67587633382384
1798,69.9279494535615
1799,29.994049845142985
1800,30.1289351831338
1801,52.27864752911295
1802,51.80684514515123
1803,34.178332621443815
1804,33.67288357545442
1805,68.08487803137709
1806,28.70321615619089
1807,37.59567041179332
1808,51.347232033574834
1809,77.23827529438921
1810,49.618008662980664
1811,21.44715633499901
1812,48.86644266057285
1813,48.87278880421706
1814,42.5199432623033
1815,28.523137707212925
1816,52.78119733255376
1817,40.27217803199839
1818,35.17190192341235
1819,28.328937706316133
1820,65.55637235712707
1821,64.17807893245269
1822,75.47939919545345
1823,41.777439050907546
1824,42.11847389796131
1825,27.754862859787682
1826,32.38770574374635
1827,27.147472583030236
1828,44.27842155984298
1829,70.44406909249375
1830,28.01864758420925
1831,26.550364619204498
1832,42.59265707599938
1833,38.092558899841805
1834,65.62010829979127
1835,34.19096471852323
1836,33.12203843206565
1837,68.67113988333607
1838,62.26122188589571
1839,44.276447565632
1840,29.16582256325433
1841,30.04787111022763
1842,40.66572525983538
1843,40.03277791205844
1844,52.751960635672575
1845,61.128566628477365
1846,31.53119277771153
1847,54.20746006381712
1848,55.7645663560875
1849,50.61326740632635
1850,37.006831312674976
1851,64.36408623484341
1852,72.88850771428795
1853,32.471498809352354
1854,60.157034373953834
1855,39.53091421461994
1856,65.95735592782238
1857,31.250259876213402
1858,33.22982514886772
1859,46.18065342544084
1860,32.87934256966858
1861,65.27280281121374
1862,45.36142123582885
1863,62.89492888552554
1864,49.05643217381646
1865,64.61135493759457
1866,67.58347345998081
1867,67.4977970486462
1868,67.32827445118491
1869,35.07966765418912
1870,64.1859614054387
1871,29.805717350809285
1872,37.798575020814035
1873,69.45970706628844
1874,31.702283550570293
1875,34.15153522756074
1876,51.66735224151224
1877,31.032420809175083
1878,35.448142933264634
1879,43.95794065562549
1880,68.61164630674685
1881,42.48596275545111
1882,28.874270751408083
1883,40.590475100268755
1884,63.23317034832124
1885,40.595394175335
1886,52.694983084148376
1887,28.00567585382915
1888,31.73444672487559
1889,32.80026737270971
1890,62.68172759963865
1891,62.65495038130628
1892,75.48509919710062
1893,37.38256390950468
1894,57.66316525814264
1895,27.376248064605374
1896,66.23623126580034
1897,40.4007302930587
1898,29.841680105339442
1899,30.594614280271983
1900,32.12480299906926
1901,35.645054386558684
1902,36.58389272283384
1903,71.70540740215067
1904,24.564243835033064
1905,37.58716488614444
1906,42.72120466451809
1907,65.82744317511447
1908,45.6692265759876
1909,30.27313375890761
1910,65.8885355267421
1911,55.928158656057455
1912,46.82955123516325
1913,59.130096288279894
1914,33.03515198560269
1915,75.62063053662342
1916,59.01544564131309
1917,49.676851848703556
1918,29.928408634107907
1919,30.254627942362514
1920,64.88116161499782
1921,75.78412451887752
1922,61.96494245357669
1923,26.518995698487135
1924,40.93525763064918
1925,59.46622966715498
1926,75.12950439195048
1927,30.52205206668315
1928,51.705517608859445
1929,35.87497208807979
1930,47.65405380206765
1931,33.838769348536715
1932,39.333455453069504
1933,28.365264699815256
1934,28.0701547108735
1935,31.794992660147944
1936,77.9098617122442
1937,27.284180006235157
1938,57.02116433309234
1939,59.728093221428736
1940,72.32432223691619
1941,71.079175599483
1942,39.00694189338853
1943,29.329026101695977
1944,34.6127873717585
1945,33.657984019917826
1946,36.1590150640177
1947,58.840145707418586
1948,52.149565411200136
1949,71.71277017488445
1950,32.46500206171822
1951,40.24008879486418
1952,24.3116738162983
1953,41.11811025342537
1954,66.6885948592228
1955,38.164406861520106
1956,35.26826653003333
1957,84.8000504333839
1958,29.09094834755504
1959,40.77288565008882
1960,30.694706588353892
1961,37.4262681591238
1962,63.816597317861245
1963,66.91285206351883
1964,28.06395199637884
1965,72.92882175008121
1966,29.2841985172665
1967,50.20994255046689
1968,31.770812375428232
1969,27.133809140700706
1970,38.57424215753578
1971,53.63508209070404
1972,58.91853772550502
1973,44.51484529542325
1974,57.537620357642005
1975,61.42230208290557
1976,34.36055267353822
1977,27.520836288773406
1978,52.884222421092836
1979,71.88464053622805
1980,47.845538444245776
1981,20.200180120672012
1982,69.7164316363753
1983,34.577838542796755
1984,32.48067805375888
1985,32.91520131808708
1986,45.916579364232824
1987,30.65725525420631
1988,29.92373522670287
1989,52.93256903338035
1990,36.91608414793996
1991,42.08126418995504
1992,30.2427301366218
1993,54.95860480441706
1994,50.31185563105091
1995,39.684133271637506
1996,72.593163653984
1997,72.61175926952583
1998,29.423788771203572
1999,44.913108661820786
2000,61.75127844498064
2001,33.05826808437762
2002,67.41260762253187
2003,62.84629403095835
2004,43.048322523470524
2005,42.44562764432275
2006,77.59852340533367
2007,40.91432807764658
2008,40.29170338841522
2009,49.54671554030566
2010,29.61581738209341
2011,38.28622834314057
2012,39.23529898331603
2013,72.99074948096421
2014,60.34260409339989
2015,64.99927869708307
2016,69.49624848468122
2017,29.154742764120503
2018,62.245486435070276
2019,47.84526257399673
2020,30.43511839577258
2021,74.44377171352315
2022,71.96212240202772
2023,47.81708556971051
2024,74.07339041928202
2025,77.48604743830842
2026,39.669346017242205
2027,29.602078411883117
2028,29.16437458348778
2029,26.24294959858688
2030,35.68760031142882
2031,44.66298600827143
2032,70.84099872606976
2033,45.66843242376901
2034,59.98729788523163
2035,34.018019922157734
2036,29.903748354470295
2037,63.59392559030151
2038,53.07483334950654
2039,67.13831458257458
2040,61.2753408328695
2041,39.021624966952956
2042,70.2961586642385
2043,72.77407561764088
2044,31.169573637003534
2045,40.62888321554769
2046,89.70339033811726
2047,35.87237982821149
2048,42.479704476084
2049,68.03772023449437
2050,43.80971632464567
2051,43.961941838746704
2052,39.23220134819817
2053,39.34303511112999
2054,70.07197407899164
2055,49.799266348796785
2056,66.60475576271867
2057,43.2411872852938
2058,26.124585036116905
2059,51.069682578360755
2060,61.83349969870645
2061,58.82732371295672
2062,66.03419739594511
2063,74.70626042225835
2064,71.71310509076503
2065,78.28038298454385
2066,69.451816671059
2067,62.738691372058824
2068,29.377891016389146
2069,33.40929358720809
2070,67.46983148264314
2071,50.10644694112986
2072,60.72274024791514
2073,32.416913870874
2074,71.61093957509766
2075,52.50508075148889
2076,32.76132203044326
2077,31.779681804607865
2078,82.13259137464202
2079,34.37197485319969
2080,69.81062642899396
2081,37.256789466460404
2082,31.87232303204304
2083,32.48836556912591
2084,62.115303931116834
2085,47.005164125792675
2086,63.72870395975286
2087,26.25387960237629
2088,55.17160236147586
2089,54.107679738943716
2090,63.07170685132951
2091,32.12641051688017
2092,44.843376826099686
2093,33.354585337478326
2094,33.21599155179709
2095,35.070930660282826
2096,78.79868358443466
2097,28.757766490967953
2098,31.66363197422752
2099,31.483255150227833
2100,32.46669268334334
2101,53.183506185483814
2102,29.78071300494086
2103,35.50366863013704
2104,59.25894256539174
2105,38.835481180932625
2106,60.28583101566247
2107,44.60097842499226
2108,48.72251194727504
2109,63.29267954574791
2110,37.66791781279763
2111,28.474842237779374
2112,31.685891856693377
2113,78.07391271626358
2114,54.00076321106148
2115,30.26189183279837
2116,45.82602090998086
2117,52.75123245922914
2118,68.99474945296255
2119,36.00152605750213
2120,50.7198007611031
2121,33.14234553879065
2122,35.500770942335436
2123,36.11381996949099
2124,58.01398880292437
2125,43.19580749497234
2126,32.08183099103837
2127,62.431502357983746
2128,35.34949118944945
2129,70.48584417638735
2130,57.79518431588017
2131,43.44766828891169
2132,32.50522198749281
2133,67.57675807139302
2134,30.464849522296845
2135,36.738223790113544
2136,43.772558198498004
2137,54.2946202805386
2138,61.29834899583255
2139,71.31317617409107
2140,31.915967267953935
2141,31.119881209297358
2142,27.510248351367785
2143,50.969043315238174
2144,63.12774434196452
2145,30.183873644597863
2146,71.67661635435458
2147,36.03628751872936
2148,65.64906427369995
2149,68.35647293418728
2150,50.984913707617956
2151,47.15515718797731
2152,57.79036763965495
2153,75.66732179563041
2154,78.06783952389097
2155,50.784764138720035
2156,51.94646607363052
2157,48.44477595040925
2158,73.73710372580592
2159,64.7688395506787
2160,31.465425249460875
2161,33.92385069229894
2162,35.44207209364643
2163,69.543520890346
2164,36.18569312107171
2165,47.83437974848131
2166,37.120509774267376
2167,41.6576795631187
2168,51.58552560971011
2169,37.620908511338044
2170,29.813056898676532
2171,71.40270053979748
2172,52.31358499227457
2173,33.05837970049568
2174,43.24943945099981
2175,42.232594483443926
2176,65.67303883919115
2177,46.50664428712089
2178,65.72514437590851
2179,31.790022865788863
2180,28.380255888857892
2181,52.893037226367504
2182,43.29246854664704
2183,39.43990837689306
2184,69.53211993238591
2185,36.35859739942397
2186,32.10085061215319
2187,67.42298544660446
2188,37.07605163521754
2189,28.041836162944417
2190,69.06941847915118
2191,54.46821000330672
2192,31.81199614679753
2193,66.96630325573751
2194,49.8219386963085
2195,47.50927307247679
2196,52.15515531134562
2197,43.10956502880814
2198,27.513876829596104
2199,70.0356834169709
2200,31.4242324002999
2201,29.126908406871614
2202,58.935384768503475
2203,74.3619460304722
2204,24.080413074596432
2205,44.62671433697318
2206,35.32450647707311
2207,24.57168647171334
2208,74.99474388268222
2209,34.823523275124145
2210,68.77813528770952
2211,73.30927982608243
2212,39.562703131325456
2213,32.385345528128646
2214,40.97843388147263
2215,42.00309682964449
2216,33.081938347566236
2217,55.219974337776314
2218,70.60570346093036
2219,33.89711508776387
2220,76.49114585304723
2221,36.48924489352331
2222,28.061703750582712
2223,20.62020438756056
2224,71.30422880545187
2225,33.538878342247756
2226,28.851286670539388
2227,50.05194852121241
2228,36.367286854107526
2229,21.227680137399897
2230,66.46177431555923
2231,65.41408558686004
2232,72.55686017418148
2233,30.389745578443822
2234,53.61171273718977
2235,45.04988472282303
2236,54.83845489351605
2237,50.1448359048386
2238,37.418435976256895
2239,38.93034188415185
2240,47.46365759123307
2241,71.05132424514474
2242,29.648880508644535
2243,51.62617403512275
2244,65.77006970326616
2245,68.7098468137277
2246,58.01691265354877
2247,38.17641803599182
2248,26.918578942197392
2249,70.42734769608704
2250,27.649560928457923
2251,29.380693102125367
2252,34.754041698859915
2253,29.064827112033733
2254,61.4952764935734
2255,73.09745853333462
2256,28.569166891263016
2257,34.009665852800836
2258,38.39386813932406
2259,57.98294757370225
2260,49.795792082587376
2261,59.5795749511794
2262,69.09691342994942
2263,52.787244341442744
2264,35.91835011305858
2265,69.18551758796382
2266,66.19626411062684
2267,28.95132421965088
2268,29.56176046008934
2269,34.54022319513506
2270,37.98926954060452
2271,71.42120764992609
2272,41.41653419872014
2273,29.34879789253563
2274,34.94618710778205
2275,36.34430494570137
2276,51.64385080544608
2277,33.80872279926015
2278,37.95587820839663
2279,58.03276939243796
2280,65.63061924558596
2281,45.69149032784256
2282,69.17816536456556
2283,30.988843877383104
2284,35.21532684006307
2285,45.27117224504509
2286,47.34076499710428
2287,27.41975843423207
2288,79.2539507877271
2289,67.58974760147179
2290,18.66571313780087
2291,74.62018857891672
2292,39.57440476215791
2293,41.40884275299759
2294,66.43048431542745
2295,40.02869408251524
2296,31.067454487786737
2297,30.073616732002133
2298,35.426821419403986
2299,35.27501759916491
2300,63.588400120380356
2301,67.31918086999698
2302,70.43648828588738
2303,51.78752152133829
2304,33.73487342411432
2305,48.781340150799565
2306,34.71359522776513
2307,23.976336822907413
2308,31.34255062070663
2309,25.58441746587458
2310,35.868441979190806
2311,57.53346429990117
2312,56.233293485493085
2313,35.78611103140902
2314,44.94787432661221
2315,67.47490520396961
2316,41.52400202946366
2317,34.7469370357428
2318,69.1614284140538
2319,67.31442977575334
2320,47.19794898441644
2321,32.66063283147784
2322,40.48741687647992
2323,54.333545511001304
2324,58.7049881890736
2325,49.060629699606764
2326,27.631735830137472
2327,27.952817384908236
2328,70.85360826467318
2329,68.41168299901975
2330,59.10275787862858
2331,35.29743640259265
2332,39.908540481287126
2333,78.86509204943917
2334,40.74640592103216
2335,30.504275368737087
2336,41.70693660416822
2337,27.888761424773495
2338,25.845015117559765
2339,70.58645742162689
2340,30.82998123021091
2341,39.52046379050119
2342,68.31898427100495
2343,61.24031131057226
2344,61.341035600814564
2345,50.90979005535694
2346,49.86065595069577
2347,28.388022993462663
2348,29.065291360150795
2349,65.80723373761728
2350,28.650156914784663
2351,69.69755312653726
2352,34.64449467815738
2353,30.668344072790642
2354,35.72578437020465
2355,69.20376597573107
2356,52.78567161581387
2357,41.409729526481925
2358,67.25728843734178
2359,28.375685469049063
2360,27.60077071526968
2361,29.487565210508635
2362,62.31645243924592
2363,28.525210194704393
2364,28.972932778251106
2365,33.20377497531218
2366,61.99649565287466
2367,56.935870580291095
2368,76.49250192900561
2369,35.98429774611233
2370,68.96926856137333
2371,39.33521397390338
2372,29.115419427555103
2373,77.4647155925487
2374,63.4925974161044
2375,50.48357882704623
2376,26.4959780663991
2377,28.97569352340924
2378,51.17247653640213
2379,72.19691424335122
2380,71.83373256306305
2381,22.892866680590675
2382,40.82044845566157
2383,39.11390846114794
2384,40.65392911936814
2385,64.91357657988974
2386,72.39399093191238
2387,34.63594599543734
2388,41.26553574784629
2389,44.06079279249727
2390,41.53540595279715
2391,58.21320387909407
2392,71.65075044167259
2393,38.96653798705441
2394,65.54484874711856
2395,52.85312286329342
2396,45.2556712456383
2397,30.452287286360576
2398,33.21439574778019
2399,56.48299045499591
2400,28.238749396830816
2401,32.78753824407718
2402,67.74381746166019
2403,63.06469303830433
2404,50.69265054734324
2405,62.66526950154571
2406,34.334469036479184
2407,66.11056177256663
2408,62.75266507118961
2409,40.383467116874144
2410,68.15145116853196
2411,50.7529233714676
2412,28.719832779028234
2413,26.14057656106026
2414,37.26418513571237
2415,32.03145695124453
2416,43.74357756953512
2417,27.252854605780975
2418,68.59296975310875
2419,51.02808191410996
2420,44.764261855694606
2421,69.62600849426968
2422,32.349486944404745
2423,59.77671945492037
2424,71.4191067806591
2425,69.67846612954396
2426,51.3557684890623
2427,34.66339701690095
2428,58.09893632248883
2429,43.105466371291946
2430,52.08418310871544
2431,91.07387094879815
2432,89.96606126485261
2433,33.531827515901504
2434,39.94231797688505
2435,49.59770519455076
2436,58.537002547047734
2437,26.328295395646578
2438,77.46763809616039
2439,58.96606430243867
2440,28.3066841387028
2441,57.747962025145895
2442,36.79912021646163
2443,35.88535275348116
2444,42.61589499942137
2445,29.931161000551327
2446,73.46549808171184
2447,71.93511053466963
2448,35.569583940104174
2449,56.78096770545251
2450,28.585193975355637
2451,38.31247646690895
2452,65.99487567957651
2453,25.491715723257204
2454,41.3008828152595
2455,30.708108206603026
2456,54.67536272132374
2457,37.487760017757154
2458,50.15307693114886
2459,40.335659943937536
2460,43.29881868587476
2461,70.21579820710728
2462,53.690231929082884
2463,52.780069024844785
2464,46.15964062047187
2465,33.49404191178421
2466,72.7716286941685
2467,34.73912750336244
2468,59.197674233187556
2469,71.52770387260347
2470,79.49772800482961
2471,65.75842827773955
2472,28.889525614061142
2473,25.98065504577062
2474,29.647577403227775
2475,63.09052113660606
2476,29.978056384796066
2477,68.67968054896025
2478,66.00741643003245
2479,32.05313092974666
2480,20.437769628896678
2481,67.9575818445838
2482,29.816233947632625
2483,30.337552047326085
2484,29.689343038902706
2485,27.648797486844373
2486,65.09821850564403
2487,44.15333850566647
2488,65.07862576786033
2489,36.54901709472198
2490,28.676925016222402
2491,52.942252888200336
2492,44.95143241712658
2493,70.01851410048842
2494,53.50828470095883
2495,57.01365999897208
2496,46.92240235547899
2497,75.42322474586368
2498,45.1738855374102
2499,30.421848124664244
2500,40.35126034466501
2501,39.374497632862564
2502,32.743265809340734
2503,36.28730450663099
2504,57.43088735432857
2505,76.994477722755
2506,70.06114101272547
2507,30.26956180074484
2508,39.7354495308492
2509,57.15260350584249
2510,71.34069817410081
2511,26.360219542342787
2512,51.6776660219667
2513,31.76135209480537
2514,32.12286247914405
2515,27.963133900087346
2516,75.47339554242993
2517,55.993103793838635
2518,73.11684505099424
2519,55.801395008039876
2520,38.39882723561272
2521,34.5508998815814
2522,33.65970707703882
2523,31.863207638597515
2524,70.21913307655646
2525,33.48740709251162
2526,26.44560600947431
2527,25.724417558682013
2528,73.24769762769644
2529,41.64481259970963
2530,69.49535057709437
2531,66.7693118824663
2532,36.95247669413201
2533,71.66770776586952
2534,30.032970373236996
2535,39.4006858366198
2536,29.19182261081296
2537,33.21524545705506
2538,34.758414576464524
2539,31.811043648061506
2540,30.989377560445487
2541,49.867024014864114
2542,27.259062842061688
2543,22.821142316583636
2544,32.434804386009155
2545,70.04751512045634
2546,23.480465745016684
2547,77.02049253183675
2548,56.036007063412065
2549,31.746588381881402
2550,41.95427566496295
2551,33.77472184124481
2552,36.201174258210926
2553,29.54502057340211
2554,34.14535928417559
2555,86.8264025606586
2556,36.75604210413914
2557,70.47115906313871
2558,64.97102525258461
2559,56.81306562839714
2560,70.59734567066708
2561,35.34964685147073
2562,56.03368453441291
2563,70.11452306372472
2564,22.85114720099196
2565,56.242151041656165
2566,40.80970938928104
2567,33.68055027881115
2568,30.337428188711073
2569,31.709070683315986
2570,28.649343697337887
2571,33.81776921323088
2572,68.40436671171261
2573,52.715778571978646
2574,71.80576564791427
2575,57.883927201600656
2576,31.503137738825036
2577,68.20202172136126
2578,67.22977482332863
2579,26.672555768151398
2580,32.80796899839466
2581,31.98612085462815
2582,26.224074342345933
2583,53.26740907680821
2584,74.4018291382651
2585,48.50210121470278
2586,65.8398314901176
2587,84.22681798945612
2588,66.05618935521517
2589,52.597113219863076
2590,27.392371979205805
2591,66.6044625527817
2592,27.5048535579196
2593,66.5981555541178
2594,59.23546956966287
2595,59.32984330903861
2596,57.387773279431926
2597,56.5619016200555
2598,46.850919907022345
2599,29.120090285570015
2600,46.364202641080546
2601,29.615068123963308
2602,29.119331427399754
2603,64.24555942311923
2604,41.396323828096996
2605,30.549245044324106
2606,57.89791136311999
2607,65.87662653593995
2608,49.79505349564195
2609,68.94738798470682
2610,36.61858993720535
2611,58.39263190137514
2612,70.43946984181171
2613,36.37989164348634
2614,47.10613055862398
2615,26.80737307107379
2616,31.034171559459022
2617,11.895647675472631
2618,73.08132729196655
2619,52.19614220976797
2620,58.021997713461836
2621,72.3429150351232
2622,55.00897293184417
2623,69.81728373469645
2624,43.396987377800755
2625,31.788889575643722
2626,32.83891127431216
2627,32.302273756581144
2628,68.69768353627697
2629,34.301595979306256
2630,39.56778651207119
2631,32.43727526568492
2632,71.51349855355608
2633,31.573918153348963
2634,54.3289762222475
2635,68.9403225968742
2636,56.96810759647691
2637,61.75066003294313
2638,29.789414395654216
2639,36.00935081104938
2640,63.81936212661364
2641,29.896631111558012
2642,40.061119709295525
2643,45.395005559836875
2644,69.92168186726828
2645,29.039286801527606
2646,61.28445579785679
2647,41.759689624708635
2648,61.91723956599867
2649,30.639195779072992
2650,63.316966736387656
2651,31.778609059357873
2652,31.282393923968996
2653,30.670538029080785
2654,27.86478640395627
2655,62.4471989937219
2656,69.15475975086953
2657,64.17959026895115
2658,61.16180320136951
2659,32.5840627705201
2660,28.46214204741393
2661,20.38908454706836
2662,51.226067031143856
2663,69.52322806542648
2664,79.41787707379297
2665,50.1957605427669
2666,69.28289751453762
2667,31.353860050806162
2668,40.51963833724543
2669,42.37493796680933
2670,31.763094491890527
2671,56.90219540688448
2672,52.37189037751134
2673,28.065932026538427
2674,70.6982059815812
2675,50.616962755538324
2676,44.63082820765609
2677,75.5809361222118
2678,38.78548321163175
2679,63.886430632203655
2680,28.20183321128359
2681,49.80471118655796
2682,34.193699535527536
2683,27.278870557217463
2684,60.55015257521818
2685,69.63475712892884
2686,40.66563979396736
2687,41.33020142871213
2688,33.20389089888167
2689,68.17062930230531
2690,61.35236484005227
2691,37.23441074992027
2692,35.80912626609512
2693,36.41033872865639
2694,52.182902741048366
2695,28.88738539658683
2696,62.717948002012776
2697,45.051483642369206
2698,69.49929342845473
2699,38.27917308665552
2700,31.74571759717823
2701,31.670186310789656
2702,44.00765342541298
2703,53.56085807983592
2704,83.07309489945864
2705,85.34978342977865
2706,49.71865532761013
2707,69.38642815559761
2708,35.967278731382144
2709,31.90242879064093
2710,65.47120814825155
2711,35.598887983203845
2712,43.14688725268054
2713,47.817142458849446
2714,69.06549136258573
2715,69.73465128573343
2716,66.56998565691971
2717,21.999063248966905
2718,48.31820154432688
2719,24.03178120787646
2720,32.54806962605074
2721,34.44956642396488
2722,68.04114439007822
2723,27.878209089155757
2724,69.78766578721591
2725,36.19963731626305
2726,69.89385445789154
2727,20.75958780216671
2728,47.338209173406106
2729,43.84394279531641
2730,34.19955937374195
2731,35.61939233193668
2732,45.25176224588252
2733,46.62600769112409
2734,29.35180857633303
2735,73.01327148630615
2736,67.18463180685737
2737,48.549805706205596
2738,25.415057956916343
2739,69.73047098810937
2740,64.41524414891676
2741,24.92509568165945
2742,46.07654181150819
2743,42.26545568055722
2744,50.10260654358323
2745,48.49786978731155
2746,46.67001685435314
2747,73.45159470627758
2748,56.45858077530063
2749,39.92469829137397
2750,42.226446558526014
2751,70.38629869920152
2752,55.56096941643062
2753,40.87095662395679
2754,33.80411213236417
2755,55.10588530376549
2756,26.197680663670717
2757,70.87522460277309
2758,72.28246377543394
2759,35.64551980658837
2760,37.893844116046765
2761,33.749735678681546
2762,45.47438103419638
2763,29.702927925704635
2764,59.22169622398984
2765,67.31773966821707
2766,70.42513439202885
2767,80.40503849062453
2768,61.68450766740272
2769,29.96311814442353
2770,26.890087848758746
2771,32.433606091306224
2772,54.129412926182816
2773,68.28029813323583
2774,35.855860350001635
2775,37.86585459164229
2776,66.21373457739172
2777,35.63180660273517
2778,36.44144870910496
2779,66.43655403477504
2780,34.897425905910154
2781,67.73767362708102
2782,37.18121322565362
2783,73.21910764883857
2784,62.88723677767052
2785,41.00976926504663
2786,73.03144798119052
2787,69.60290240765755
2788,38.970736523598035
2789,75.66241035780962
2790,72.42670103388339
2791,49.782858699436126
2792,37.4096668843237
2793,44.0306252993775
2794,66.00281502455304
2795,37.43996519967854
2796,39.60625413253964
2797,32.77892850720448
2798,25.677879401661244
2799,73.66310412070862
2800,44.811897022420126
2801,47.56916094596424
2802,48.54987550845919
2803,71.64537819844658
2804,43.491274117010114
2805,32.21999565909515
2806,83.60578083435917
2807,36.27573323569099
2808,44.87277555392809
2809,59.45699486011196
2810,35.494388796219084
2811,70.22876858304403
2812,35.55790341083718
2813,68.59572363062013
2814,49.42697132132163
2815,31.14713383472165
2816,64.8006311932395
2817,38.6925965842612
2818,34.73752429353929
2819,30.42927392331047
2820,63.23033952510981
2821,66.83083456636068
2822,29.035913410218658
2823,46.01486204180411
2824,25.726808473290635
2825,30.123273927126625
2826,76.26555413580529
2827,45.527982222791266
2828,40.25752252675563
2829,69.19764213739846
2830,30.962047332915503
2831,66.08235620228558
2832,62.80335521989612
2833,47.82055331097636
2834,73.23861809426761
2835,37.485648408524696
2836,28.83785174061537
2837,63.02830101280423
2838,54.61831943842738
2839,77.05635114437081
2840,62.17217775140729
2841,25.608324997207244
2842,62.399711169096705
2843,71.52633358544836
2844,33.67685585131946
2845,41.8339469709942
2846,48.81331616125516
2847,73.85689052179538
2848,46.38910332086946
2849,61.94490827104371
2850,44.16657558016537
2851,67.39663377427902
2852,57.522626711624945
2853,40.05954547906225
2854,29.96684153268245
2855,51.13357872239849
2856,68.20765504457479
2857,66.88618360273102
2858,51.7785834215733
2859,38.87747584523085
2860,40.23770884753444
2861,33.16622543166228
2862,27.747908160430246
2863,64.97580394962287
2864,36.878264786889915
2865,14.539083563494223
2866,60.373725522664756
2867,26.43707707572527
2868,52.9707625848914
2869,37.805819138624905
2870,28.83941824036944
2871,29.73670666894369
2872,74.77638518560693
2873,17.582410314961766
2874,69.6512651397876
2875,36.4049706837214
2876,36.10547446535911
2877,37.185513617289786
2878,54.260771975924754
2879,60.11190252624375
2880,46.21354379384445
2881,58.07656842481342
2882,74.97732285739879
2883,42.31035692290419
2884,77.60635738259866
2885,50.5353529632953
2886,34.968465541843244
2887,35.0664706198512
2888,63.857716253845034
2889,26.729431927766864
2890,40.25921501120321
2891,51.1478001831032
2892,33.429171424666066
2893,77.38697012196599
2894,32.05915623879301
2895,46.69035898957598
2896,31.270453654632483
2897,27.50106190840064
2898,63.01837657984836
2899,42.295730250865304
2900,35.74471155003468
2901,33.93815803958012
2902,29.307279779695474
2903,77.06196396013289
2904,33.147251626048266
2905,57.50617372882758
2906,45.629622759773625
2907,41.51458494149797
2908,61.52194963411215
2909,67.9369458236749
2910,41.83079080743582
2911,64.84271701426547
2912,65.97226656854983
2913,40.24094074678126
2914,42.66334836935615
2915,63.16357343377765
2916,48.27035419995529
2917,27.459146378825075
2918,29.236671575483022
2919,37.25538968655105
2920,25.257459216745858
2921,25.599930409206156
2922,25.332702470422745
2923,53.611353638764385
2924,31.62082096116415
2925,37.83101242575434
2926,26.956904512589688
2927,67.98649606979968
2928,40.86219826047889
2929,34.664108020341146
2930,41.84414209400445
2931,31.660138478464557
2932,29.347823151903157
2933,41.41441945065151
2934,39.370349898705705
2935,48.49333698516223
2936,76.63462727839593
2937,27.70496450582306
2938,64.33378295887135
2939,38.88094359067899
2940,32.91427076548695
2941,26.954982798515132
2942,58.83176471456201
2943,38.21254814938851
2944,72.65404874352748
2945,68.36758033627238
2946,45.32603268051069
2947,26.542534297233257
2948,25.234306808700698
2949,53.23090078442607
2950,32.761684486710735
2951,39.61839807647033
2952,69.85901976854822
2953,32.433725153419644
2954,44.52362006964133
2955,32.8775032175187
2956,58.97492112054562
2957,67.51008895992892
2958,26.537092632909836
2959,25.63805202909004
2960,34.480784397067666
2961,50.860901865700235
2962,75.48409632200779
2963,36.03271822096153
2964,30.35107090211803
2965,69.01092933519317
2966,85.07144425230246
2967,32.110263922980565
2968,49.58560558022357
2969,33.07078916662159
2970,31.22986243378526
2971,32.08445393641868
2972,37.25194960286085
2973,33.24566065533929
2974,36.48449843160287
2975,32.81665080189835
2976,29.16333522179452
2977,43.56224817757373
2978,27.11213128740573
2979,30.754883909355648
2980,64.97660457889086
2981,72.08875385905846
2982,69.32495222946676
2983,58.74299378547707
2984,35.48584204794554
2985,43.92295223560924
2986,45.47111191596003
2987,32.92046760706722
2988,74.21029668527584
2989,75.30110959588312
2990,67.8703809975442
2991,27.03009143772715
2992,69.42773062817605
2993,45.43076146327321
2994,71.55946000745999
2995,30.26175851403041
2996,50.52189311090171
2997,34.15506161000684
2998,70.28972433017395
2999,37.4034090382586
3000,77.17400220640332
3001,79.6492085157526
3002,49.28427737669783
3003,28.88501748156224
3004,40.63046209973994
3005,30.954420793173288
3006,24.17571052597497
3007,71.4216029931477
3008,31.80507105990954
3009,33.108356036502144
3010,38.44323619487925
3011,70.44551992946444
3012,71.39162399528308
3013,61.39865190107375
3014,35.73338207040128
3015,70.66101550059933
3016,71.46980359859761
3017,69.82956978119357
3018,33.82047646462655
3019,34.02991159839293
3020,35.39578149891572
3021,29.511036699744626
3022,50.70480435791301
3023,46.5936714004088
3024,71.48571046399432
3025,62.81274166388908
3026,53.22942562797072
3027,30.710106326786722
3028,48.65285864617469
3029,53.661937052829074
3030,76.2849992807123
3031,32.40481037525039
3032,45.511359796458926
3033,25.86436216578151
3034,57.32871885497778
3035,66.71602505497067
3036,69.04583375871866
3037,32.7817481005757
3038,67.83305607783248
3039,28.01618380178697
3040,67.89618658941868
3041,75.19977033081332
3042,34.59465017810252
3043,32.12658035695286
3044,46.15367695568642
3045,64.70102984078916
3046,42.24869707822161
3047,42.819959888982794
3048,32.20886537320587
3049,30.253308711454654
3050,26.23009423344132
3051,35.46581285333673
3052,71.31957131616315
3053,42.62144603411427
3054,60.63321303033809
3055,76.240474337806
3056,37.454341890526564
3057,30.78345747080109
3058,38.29379929296785
3059,91.22445722366896
3060,49.476563035303315
3061,72.02586910843377
3062,40.031824394391755
3063,29.35232560835819
3064,30.58557045282288
3065,77.59291531095201
3066,37.55982509514001
3067,70.17286957663003
3068,30.478051739762662
3069,35.25547959048286
3070,25.65446885559172
3071,32.62675745112448
3072,62.04284679928119
3073,29.36611396778971
3074,60.20466188335959
3075,31.32390573691163
3076,45.7437888746657
3077,48.04692011802206
3078,52.57853804047671
3079,69.11618243271498
3080,27.618759895253014
3081,34.200310674075524
3082,70.62133841099102
3083,58.2518375487583
3084,57.50847990091923
3085,31.816207928319525
3086,31.699975069929064
3087,25.729945718541885
3088,41.228624971543
3089,42.02368601150366
3090,61.50519059765756
3091,60.531259545930645
3092,32.689525508637956
3093,66.20435761124392
3094,31.358549090781267
3095,60.30193797562548
3096,72.42512235937637
3097,32.11538339268225
3098,35.58401233200202
3099,55.74719257780649
3100,36.101598045760575
3101,71.139173685428
3102,38.48018924040607
3103,64.7064803425991
3104,42.17093748814351
3105,37.607267941832795
3106,67.52413301028166
3107,43.121667775322855
3108,84.19499631144849
3109,66.97520544402252
3110,67.79257430815495
3111,69.20054426540152
3112,43.27552608194836
3113,38.37549515763288
3114,36.749969005533096
3115,26.025343183353332
3116,48.53429644297514
3117,35.49603994843731
3118,44.29963641068122
3119,64.1841921816252
3120,55.561708149345066
3121,47.130754332209264
3122,45.278625062105384
3123,32.57443909855206
3124,47.989469123014565
3125,45.68400882969515
3126,29.67612009582218
3127,35.99353470010516
3128,37.25301873795303
3129,29.625623628497912
3130,25.087817572528046
3131,52.38001051216711
3132,19.993713777233197
3133,74.14372870615487
3134,74.52816231327972
3135,49.52552998202347
3136,75.8895370693587
3137,37.1365202843746
3138,30.36480358172901
3139,39.05895551019257
3140,25.344365665604005
3141,65.60170881551153
3142,52.194844997095736
3143,46.81012145454104
3144,51.02201013426065
3145,25.07999368426091
3146,28.62193034762712
3147,48.00266991717145
3148,25.783384024938453
3149,42.34546183096811
3150,63.62959237872492
3151,36.034374114095314
3152,34.07890811305991
3153,35.676797561746156
3154,36.730382106640235
3155,61.32209516724315
3156,28.28835116729619
3157,20.453030719678676
3158,33.97121892726688
3159,39.26503921820154
3160,68.80420411752522
3161,31.71264879662096
3162,59.05282326755268
3163,53.36859810619562
3164,22.87789707878688
3165,48.548988541333834
3166,68.98061781030317
3167,43.295525655103596
3168,43.815918404593546
3169,28.31997846823262
3170,43.61560847013089
3171,31.67067963351235
3172,54.116883029360096
3173,30.905556037655284
3174,28.532700848645945
3175,48.83046939597289
3176,24.557498923465946
3177,71.04058991465523
3178,44.65717964898598
3179,57.33241498179329
3180,31.526929064918733
3181,78.3274055374572
3182,31.45289816179392
3183,37.58260628507467
3184,28.35210444486688
3185,30.4673551308226
3186,30.884115857632022
3187,72.4225921265923
3188,33.554895669466916
3189,42.062312026060205
3190,62.906353404460475
3191,66.58260647778076
3192,43.85363722487804
3193,79.25788292274856
3194,73.05057969869354
3195,30.50764890553089
3196,30.687385898602024
3197,58.563490517518666
3198,72.68659828196834
3199,73.75232313741733
3200,43.861932294478
3201,24.15977168033754
3202,28.822605350390894
3203,54.19922997914348
3204,66.00028425880691
3205,60.99193443531051
3206,39.69461778219354
3207,22.812468664886264
3208,31.35653380840255
3209,65.41411455668919
3210,53.31500856781104
3211,39.6647883143726
3212,64.90278301150741
3213,71.00426174855423
3214,25.98132792538126
3215,32.2336143066054
3216,29.517671142335395
3217,44.80689041255598
3218,35.078843156349336
3219,67.3973387006316
3220,75.85893685009678
3221,67.09649664756876
3222,31.560336943760845
3223,44.953284456812476
3224,30.859293439406695
3225,30.902512106246334
3226,26.55603056500426
3227,58.615981288045504
3228,74.9896636239867
3229,42.487454031571566
3230,32.936015439396684
3231,28.727058043066446
3232,32.78607758266442
3233,67.52770545172086
3234,36.21180469352439
3235,44.97686681370467
3236,45.9193826086761
3237,62.25555408994271
3238,57.39980547781893
3239,27.906426418141976
3240,31.85062229814931
3241,29.12811312641428
3242,65.27451087550693
3243,29.37485257909817
3244,31.942188173184142
3245,36.9966586646588
3246,72.59458126350609
3247,50.54408748310763
3248,56.865825985947886
3249,59.01317239068801
3250,64.37669463948471
3251,63.50191519653482
3252,32.99261361895922
3253,88.36377758689875
3254,68.41172542755132
3255,46.331120560796904
3256,70.91369521263957
3257,38.10604406418959
3258,26.295221904541137
3259,36.8127378556419
3260,55.424953528240565
3261,30.208231805828753
3262,54.64465612156415
3263,33.04328812858752
3264,30.988571851889105
3265,34.13983554680804
3266,36.688314484335216
3267,60.70325310174069
3268,69.39130556836494
3269,76.61064678600121
3270,64.22442025858838
3271,33.61317277065184
3272,70.94890462269706
3273,33.03173920885029
3274,29.06250752292671
3275,30.951999163551523
3276,59.97216567131587
3277,78.39387042886091
3278,36.01977575944232
3279,26.24432314181873
3280,73.31547306627243
3281,69.46948365641613
3282,64.17805477707667
3283,26.730970885752143
3284,27.69699892702751
3285,52.9573949738242
3286,32.21309792592964
3287,33.56953677428946
3288,31.256667159309902
3289,56.398677776823305
3290,72.68256233582136
3291,70.22553026637536
3292,27.74465321660246
3293,72.36099499047995
3294,50.610327162667026
3295,29.543085390981844
3296,35.503171685748285
3297,62.55328370799904
3298,70.90974210387313
3299,61.71088325350408
3300,68.89308752111754
3301,76.46670914311446
3302,75.28950519640284
3303,27.789608046088247
3304,32.05409616202715
3305,73.06017455638666
3306,57.56322376641745
3307,45.337430424400225
3308,29.82977640081027
3309,29.77857590930727
3310,25.50328033631586
3311,61.04630456652733
3312,30.04263209110974
3313,49.80120337704331
3314,36.72528916469467
3315,50.85740950867136
3316,67.86191626894103
3317,61.89053505576956
3318,24.133393598142188
3319,32.515086201586364
3320,41.81837091529908
3321,28.70686820784015
3322,69.18709538984908
3323,28.765520746853365
3324,61.298837325907634
3325,32.80383883076936
3326,50.11823185777857
3327,27.729689032630397
3328,70.07262145098895
3329,71.79559335618244
3330,73.99128235831434
3331,33.62694572681815
3332,46.62704565819279
3333,69.14366126474425
3334,63.491952267327854
3335,34.375552273331664
3336,38.67492957391387
3337,63.772096050331854
3338,60.27685863188715
3339,25.262640686145655
3340,45.26102520610849
3341,31.948900652484834
3342,83.55631283305037
3343,69.29348087770097
3344,71.01917806626194
3345,70.3530268697033
3346,59.845659476790274
3347,33.885640587147876
3348,25.21479789686894
3349,27.384595678762157
3350,61.813164900942766
3351,51.032635783939654
3352,69.00556027126461
3353,28.853063337012543
3354,33.022828142995365
3355,31.94499949799231
3356,69.84159721601951
3357,58.1788697574013
3358,54.1623968254229
3359,44.222834570997435
3360,42.55115223701123
3361,54.613307442387125
3362,54.1385361712663
3363,76.86600525326418
3364,40.19164799315028
3365,41.66633065393259
3366,29.978714096963333
3367,52.8839229457649
3368,35.903078094665986
3369,46.766065133355184
3370,34.52551014780005
3371,33.25024868818795
3372,41.09775670138102
3373,62.36380719155801
3374,22.345175915976817
3375,51.790984272070055
3376,44.88388028845507
3377,75.30110035926822
3378,53.14330909939332
3379,29.841520795615292
3380,34.87713521933806
3381,32.89612763367466
3382,64.8173388346504
3383,27.966110660591575
3384,27.69090987762555
3385,30.63227105231081
3386,29.934948205153326
3387,68.17127958146483
3388,56.18920064756283
3389,29.976534643859292
3390,40.0807121371376
3391,31.715524066592998
3392,26.655753911700877
3393,80.63245034760106
3394,74.09695533595294
3395,66.79832206268613
3396,37.831818239450946
3397,32.82598744307255
3398,30.708658774216307
3399,60.849524458715806
3400,29.059871808736258
3401,38.020610357089865
3402,55.740482102030356
3403,40.690253915999136
3404,64.9652900513056
3405,76.84754764255862
3406,39.20268031867077
3407,30.796767786608772
3408,29.667952197326226
3409,70.65170541877778
3410,58.17993884125897
3411,57.01018847299995
3412,45.39196329903875
3413,42.18566037679485
3414,41.78295720067107
3415,33.425039993956325
3416,75.6322054302023
3417,71.98057499133758
3418,28.136479417772296
3419,29.998717430144342
3420,62.92415128910598
3421,35.618615171827344
3422,51.154323702312816
3423,41.39960504432612
3424,48.40377525749579
3425,33.97322390305983
3426,66.62552204362532
3427,30.004178328913635
3428,36.19820364392139
3429,51.05165996541915
3430,32.36587878821246
3431,65.16492864026195
3432,48.76922714462855
3433,56.46014296230358
3434,34.918583298525114
3435,71.34564784603522
3436,43.72264726700116
3437,51.71530908078917
3438,20.25048700379888
3439,71.77724300911254
3440,39.528641466053145
3441,42.869529690162295
3442,32.59289641944457
3443,27.001655817709302
3444,70.23800168222411
3445,33.70627967199315
3446,24.728351193766596
3447,46.863218969045484
3448,58.32253561388416
3449,46.79437026807364
3450,26.662390725109066
3451,41.597549811148085
3452,50.01044610844905
3453,49.36705374498451
3454,76.19974874038765
3455,30.792284495499352
3456,44.89268584045495
3457,68.95537099162311
3458,65.84851944564332
3459,40.70055515651806
3460,29.654648700519136
3461,33.48525404591181
3462,55.34035899917467
3463,71.61362067309668
3464,34.55753240697543
3465,31.235758843998212
3466,86.71106423649069
3467,54.80033856669823
3468,34.59130926510261
3469,30.094600255195257
3470,29.730618145947485
3471,42.34053859950551
3472,54.1726207678353
3473,62.59599040158383
3474,66.23646736810501
3475,73.26311023937271
3476,29.60942738453469
3477,47.91630113536025
3478,48.055117757517166
3479,35.65006358299273
3480,31.487990641717406
3481,30.61102703168344
3482,35.63255611147023
3483,60.03091299760549
3484,27.730614161253314
3485,58.963747632695345
3486,46.6445617440846
3487,27.12003745330951
3488,30.428565090110972
3489,71.04578312569924
3490,70.91376567531304
3491,40.308631570516326
3492,59.161614242011325
3493,75.65561116208563
3494,31.3887270766007
3495,42.87546740335227
3496,35.34622034690916
3497,28.507799401005705
3498,45.95746046033516
3499,47.2235931023115
3500,32.87413770863516
3501,29.111063075503512
3502,73.99312649915588
3503,55.544240338868974
3504,33.12239895002291
3505,39.14606288085816
3506,75.5999911854591
3507,31.083837774451055
3508,32.344328494473146
3509,32.981398934379136
3510,30.4488121450696
3511,61.465610305660235
3512,31.09778227116261
3513,25.987761131879015
3514,19.82926910785603
3515,76.33941615368087
3516,73.66619302196048
3517,29.11090355648185
3518,30.08587498568291
3519,69.05521983620582
3520,75.31794557332853
3521,40.61296778064792
3522,49.798835501364245
3523,33.03136799434435
3524,55.2963151527496
3525,28.453688123306815
3526,31.337656938747042
3527,31.31886312831704
3528,30.960829734589556
3529,46.47744224187455
3530,66.44699913510323
3531,29.267569129366212
3532,56.68093437436887
3533,43.949168537935876
3534,23.853589919105644
3535,72.7376150585658
3536,51.543189460747996
3537,25.954683170848387
3538,31.158420745315727
3539,34.25908615133309
3540,38.370408706224936
3541,33.022958513994425
3542,39.96149676638245
3543,49.62150139232383
3544,32.91003456643576
3545,77.71975713903832
3546,60.59306803958904
3547,48.99335850853342
3548,29.323950770401602
3549,64.58352797815249
3550,42.85033091243246
3551,33.678848596282435
3552,43.16789099216386
3553,57.44119801814183
3554,35.123831629302096
3555,47.63543152394667
3556,47.45815216698834
3557,58.46529813324477
3558,73.62305833907108
3559,48.85527741453709
3560,72.86384867513095
3561,33.81265198503954
3562,75.13674723058227
3563,30.29874939685831
3564,33.7731879164852
3565,57.985497420449214
3566,43.897332330376464
3567,44.539399762125235
3568,28.00750581866298
3569,57.98795365907155
3570,46.19429920048327
3571,49.3903003698382
3572,32.831719719603235
3573,53.27712807251871
3574,64.94476698898957
3575,53.99546182821583
3576,53.45955349345668
3577,53.79004905834828
3578,29.585882493717406
3579,36.28343609990815
3580,69.50623117483899
3581,39.44180250533067
3582,29.162548661329787
3583,33.22447546724688
3584,42.325320616338956
3585,27.90796073622589
3586,78.78872769378599
3587,70.1251001262238
3588,67.42358413695868
3589,72.08513779368126
3590,36.35967086205969
3591,76.61971548471412
3592,72.0257899342359
3593,26.184296946372754
3594,35.389191915628615
3595,58.79274625004497
3596,26.529650003863438
3597,36.271406772621575
3598,32.392439404009075
3599,74.42185039153861
3600,71.72057937817317
3601,40.66106939778792
3602,41.199962553778505
3603,66.8839073877183
3604,37.174802676052394
3605,68.22465306309567
3606,32.63144585565392
3607,36.136053967816565
3608,63.62705462167119
3609,37.46254322163594
3610,33.55824171331001
3611,48.71374598268986
3612,61.24236883137111
3613,63.423293806499636
3614,48.978902656409716
3615,59.27938485232784
3616,29.953092161926385
3617,62.58416807267377
3618,31.604793722966736
3619,41.55570830458646
3620,54.19397772221189
3621,57.33301006034593
3622,41.709016426404006
3623,57.43869294659834
3624,36.64900533679753
3625,30.867358895978793
3626,41.235645367174506
3627,52.9327666627691
3628,30.604760439920998
3629,67.4708202730761
3630,68.51770456914308
3631,30.09900325737269
3632,47.57593791018642
3633,20.987902353171318
3634,72.35195812808348
3635,46.95780438721139
3636,51.563023510048396
3637,60.306977636705035
3638,65.59357354831366
3639,80.08343738358428
3640,36.267941302771156
3641,54.746306410080976
3642,41.55709475650938
3643,56.04751873268461
3644,29.80860975010902
3645,45.00462482320832
3646,49.744636300184986
3647,61.45029217472552
3648,23.77134933309871
3649,35.30827934251741
3650,27.235359440021547
3651,29.053820851823993
3652,47.764778503888344
3653,30.296295315475263
3654,66.43529700890302
3655,69.3692848440978
3656,35.88620968282787
3657,33.844983697182535
3658,65.81316619905996
3659,46.475724993917396
3660,37.07743389544371
3661,70.27372178628022
3662,26.446259236426425
3663,31.798713897648554
3664,72.0382108864736
3665,31.661831216630933
3666,68.76967861706717
3667,39.07547939784339
3668,48.6092083915934
3669,33.87535967362904
3670,70.06516832886274
3671,38.16959987354677
3672,32.63704609571609
3673,45.8986476237762
3674,30.75298509717735
3675,65.56690449468049
3676,60.186975799882426
3677,65.21271486172162
3678,70.41979638546647
3679,46.46945176091443
3680,73.57418668430135
3681,48.036146940105176
3682,50.92857588898718
3683,30.822877470829752
3684,60.173767923981025
3685,28.875560951371526
3686,50.801129371758705
3687,66.10891995450272
3688,65.23210799321285
3689,66.4860583144461
3690,58.57278234134222
3691,28.063965070324556
3692,73.58015856195276
3693,29.299087866603593
3694,50.91329970287965
3695,39.003547546878266
3696,84.51915243836405
3697,52.975899068484324
3698,27.834926828823
3699,39.48687538501676
3700,33.780896807850716
3701,51.46048484827218
3702,67.31211310555909
3703,37.02093979999552
3704,73.20219329831093
3705,74.81121868669223
3706,52.52372374047995
3707,32.766499298229235
3708,36.67302865233142
3709,65.23317969257077
3710,43.80292036751541
3711,34.504588550448936
3712,32.657520741177144
3713,71.02419950531682
3714,66.36017525561387
3715,28.090458953983507
3716,37.96338003151524
3717,70.66171719190918
3718,68.84813378406031
3719,61.68264024570509
3720,34.9167983786644
3721,72.70936302223623
3722,51.65856094637977
3723,71.30126897737517
3724,30.501569406549542
3725,35.49214783114547
3726,39.633034882895586
3727,51.15378906195451
3728,18.08469076097086
3729,69.75959726947605
3730,32.879576567423214
3731,40.23360918757864
3732,53.12269376192364
3733,67.86020571851195
3734,64.8320884136569
3735,58.16469307628064
3736,43.63316637136786
3737,74.08810835110671
3738,70.01587509352856
3739,63.6792924826799
3740,37.056944013120024
3741,63.424324503792334
3742,66.88503202858593
3743,42.997206634905766
3744,57.039294416280065
3745,47.20100679644746
3746,67.25655971893164
3747,62.006065149655754
3748,34.415812060120416
3749,44.83078429864087
3750,37.52374788344068
3751,40.53219957024816
3752,30.577995810108767
3753,72.64557677902931
3754,57.71471129945426
3755,36.573025577150986
3756,59.28726839391693
3757,63.999826887089355
3758,40.558782436498554
3759,72.65071927101965
3760,69.47660211771259
3761,62.67769270037414
3762,31.09749731350689
3763,66.05632371269378
3764,38.73018652702598
3765,62.11873706977636
3766,53.338435549261
3767,39.55724115318577
3768,34.540168943058625
3769,29.382866640749015
3770,29.323981683872283
3771,67.78767813448458
3772,47.654909893845854
3773,47.80150432965431
3774,39.47521234130599
3775,64.27524347210688
3776,76.78037354753047
3777,28.407869406088366
3778,74.22949535250666
3779,39.561556208221006
3780,27.58337713153203
3781,55.473064931510564
3782,33.53687511680956
3783,62.59409450878071
3784,24.346979882304478
3785,42.84896580703328
3786,57.73336350878621
3787,61.3664465544373
3788,67.85787801116632
3789,76.06097485912161
3790,41.98660838030658
3791,79.17158691451006
3792,28.854594060354245
3793,73.51162150410391
3794,48.72914333523931
3795,33.251901227245526
3796,64.1341030146064
3797,70.59413934475218
3798,62.112130200862964
3799,30.541795216663402
3800,35.58014393472837
3801,71.50318321658382
3802,23.93310896286946
3803,33.72920730539403
3804,61.18001321609056
3805,42.484448056240666
3806,76.25555593081933
3807,75.41771962417828
3808,71.52696107424963
3809,83.69284242571771
3810,73.67974554960271
3811,34.49364560554585
3812,66.27773950429665
3813,35.65039678740934
3814,28.015691316868853
3815,70.62202550209406
3816,73.79482106876983
3817,32.769647451139946
3818,44.19287901782198
3819,54.28648833914475
3820,68.57355363774303
3821,42.36114365418762
3822,32.756024770383746
3823,27.410828261983188
3824,64.0706586782999
3825,36.08511235893697
3826,44.186908293823976
3827,66.37412453200535
3828,43.12558410348723
3829,27.1037664626985
3830,59.859785701342346
3831,57.66216785794612
3832,35.79226030075961
3833,24.44751104891364
3834,37.43561088129618
3835,71.58255145692142
3836,55.92554699866821
3837,41.006211656573065
3838,63.86633978183803
3839,30.67308881309082
3840,71.49919079284408
3841,54.93041299395868
3842,43.96414988376727
3843,34.092043442401774
3844,69.57892407476587
3845,43.55298510623782
3846,35.890528032504164
3847,46.19904178854882
3848,41.84925732496187
3849,27.355670472159996
3850,44.33884746639107
3851,38.34998652255507
3852,62.69943579958994
3853,43.686368695366525
3854,46.61952505286443
3855,28.5698901734775
3856,26.792975493497266
3857,65.62215162683285
3858,34.067459580890585
3859,58.91037458488957
3860,42.41074231312218
3861,64.52957421420975
3862,55.52268305900799
3863,33.52773095188916
3864,55.83869236500002
3865,63.01751159370762
3866,30.677640419300026
3867,71.78721541849423
3868,29.068035208165586
3869,41.975458185132304
3870,73.47702479029905
3871,40.131651708047166
3872,34.11019061090194
3873,58.959626596664506
3874,33.032298093550125
3875,29.805447329046654
3876,27.304035190301413
3877,58.70195055053886
3878,64.76588550361849
3879,47.535707838266106
3880,58.456798779190926
3881,34.97846860303131
3882,48.169018082744074
3883,37.790840907796664
3884,49.47745092331661
3885,89.31288114762816
3886,34.41853747882981
3887,28.361031525588874
3888,33.020234229922366
3889,19.26546476311499
3890,85.52582146763804
3891,74.00760923794286
3892,33.284164465913946
3893,34.43571850561278
3894,32.673714337271704
3895,60.016217328209144
3896,31.280190689190604
3897,28.815939216246864
3898,31.767120165286094
3899,45.68003116042157
3900,27.40451153435102
3901,48.87107420762091
3902,70.67327346780064
3903,67.44172579735357
3904,41.89847606882186
3905,27.37137810818612
3906,75.8177807457446
3907,49.64030352174472
3908,30.63457796489559
3909,61.788558662025665
3910,50.423828922088916
3911,50.72843350750121
3912,28.279562697006412
3913,54.63831037303056
3914,69.75103350325173
3915,64.42615654314282
3916,72.04169562470938
3917,59.43859441910536
3918,44.43148673719767
3919,26.00517371651443
3920,28.292754860281423
3921,30.32682628919492
3922,52.22216079077747
3923,70.77489995230728
3924,69.69824711435723
3925,28.585349616701777
3926,66.86346688475425
3927,68.51197385853467
3928,38.67279243884865
3929,40.008958630339606
3930,51.30630384572913
3931,50.59328998813076
3932,37.80665246661051
3933,33.062331253424944
3934,42.99462201464034
3935,28.41537789639912
3936,34.017798062251764
3937,81.00476649739514
3938,67.29717965394737
3939,36.72898105751213
3940,68.53498334119564
3941,33.40603935226548
3942,63.24328772876373
3943,26.832453942562974
3944,54.722602570546094
3945,55.814481859808055
3946,46.092669573809005
3947,28.268189411126375
3948,43.72705672010587
3949,35.68220469267447
3950,59.42974365290212
3951,44.803165103257776
3952,29.538443764861796
3953,49.1801506399285
3954,28.390954802898868
3955,61.9051094560825
3956,38.19784087007709
3957,71.85661653649453
3958,28.940224393588686
3959,73.86855241906467
3960,47.55544985627534
3961,35.70109837500687
3962,68.43405341125582
3963,35.20828103002892
3964,43.4777836635055
3965,30.059797297302925
3966,61.05573722817678
3967,37.775557702326424
3968,45.33767188297354
3969,60.1538629405309
3970,28.728095989242075
3971,39.77018862710584
3972,66.60033360670616
3973,42.90063738945302
3974,45.654687501499005
3975,74.79453706130259
3976,72.40997723831143
3977,55.398488281153305
3978,63.85664757141746
3979,54.625227987397686
3980,64.98481165748944
3981,67.19023403170303
3982,47.07042671032148
3983,51.235124480342925
3984,57.069055320678906
3985,47.08902376505223
3986,34.356746203432486
3987,34.503428462966234
3988,38.371347324714776
3989,42.44676692745366
3990,33.69981719206179
3991,34.52415618973553
3992,67.50680305593842
3993,29.86508607735219
3994,58.246710245191544
3995,23.564841915562578
3996,32.96397181954574
3997,30.87087245583002
3998,45.61071254580847
3999,43.18198788197856
4000,57.81274435014728
4001,35.869031552610195
4002,33.787978746818595
4003,59.51351174558689
4004,50.32681931545276
4005,28.241940615666316
4006,24.63453672440268
4007,29.40334819418557
4008,39.24681625832807
4009,64.84875866689
4010,30.611478483579724
4011,71.45056184913926
4012,28.36131446896355
4013,35.06284508314226
4014,32.218358557407925
4015,45.84725774710256
4016,54.677336563220855
4017,41.89553713475524
4018,28.16151303430929
4019,72.45938964348963
4020,25.729298692127223
4021,54.06177051347397
4022,25.62932044259897
4023,30.77265403961937
4024,64.3580003101034
4025,29.820745664118913
4026,58.53747560213207
4027,66.74882343397479
4028,25.4442286338548
4029,69.22579666989381
4030,27.200633081169105
4031,28.10270278153498
4032,46.680285412300854
4033,39.51911495090991
4034,35.0326974414334
4035,52.732352357922274
4036,42.4100676046545
4037,31.927872436233944
4038,61.5588977538596
4039,70.5244439537488
4040,43.47915846642048
4041,57.72727612328999
4042,45.46028937358029
4043,58.96081665358959
4044,49.29503759706368
4045,73.5326259384384
4046,63.07952997491623
4047,44.67373642212767
4048,71.08221195858678
4049,69.461880228479
4050,68.73166319247736
4051,34.86225753630691
4052,62.67631871433243
4053,33.05782581020249
4054,70.08324649361418
4055,42.343673673429365
4056,32.75329142293619
4057,38.790173005763535
4058,27.46779575413741
4059,60.55485696546359
4060,70.21614341961026
4061,47.97735742048597
4062,69.83106816110617
4063,65.55730684019399
4064,27.34054126231615
4065,52.049047397854544
4066,62.186721919167965
4067,30.648032879788413
4068,34.523739284551695
4069,25.76807991357023
4070,32.07410035686158
4071,37.951983269319044
4072,31.198212198248253
4073,38.133162958127386
4074,34.09660437322333
4075,48.86603285535693
4076,30.868991437051147
4077,32.73499767199497
4078,39.89373780683195
4079,34.83913076018151
4080,30.510270877229093
4081,32.497050280013426
4082,73.26528044991747
4083,39.068631267727554
4084,33.07043519875728
4085,67.99006539432418
4086,62.54243093965272
4087,25.937554966646143
4088,52.970745058995945
4089,68.37590253584517
4090,38.000130598091296
4091,64.85157279853539
4092,30.848322691483354
4093,25.84442277293339
4094,58.70298647821829
4095,32.41917760873671
4096,52.464484626104564
4097,37.00907997642132
4098,66.28597749292433
4099,71.52143375050157
4100,63.74593120444834
4101,71.48949405356845
4102,47.53907097907547
4103,28.87083305878613
4104,63.055344542945306
4105,63.29469263473486
4106,71.69686839135255
4107,70.73019087638534
4108,32.79312889871112
4109,67.02832294720072
4110,39.51457757588523
4111,37.49204902980766
4112,44.475783959086016
4113,36.22237028613029
4114,72.78688569306419
4115,37.02857251599862
4116,53.92834990398263
4117,46.82214131506114
4118,30.110897770861538
4119,32.765123294302015
4120,71.58336557704374
4121,30.80940417611959
4122,57.63045861633541
4123,38.51320556108268
4124,50.963018915768785
4125,35.99752482621495
4126,43.1988316823669
4127,47.049072680223716
4128,36.95213812872498
4129,37.09341087928375
4130,69.677366636671
4131,76.2101839591624
4132,34.377609009005496
4133,51.75518550971058
4134,61.07014336446664
4135,23.811569076620263
4136,41.06665864456586
4137,68.45511401649212
4138,33.12657120445582
4139,88.78471925968182
4140,37.68083590748803
4141,71.233184682886
4142,23.779480743616134
4143,56.99992532233462
4144,28.235503929242267
4145,39.36420719028138
4146,45.15155505904045
4147,38.20460788317112
4148,61.320065533791826
4149,63.207366374591075
4150,55.10863297515601
4151,35.722707189336795
4152,35.997081320560014
4153,31.41390522458474
4154,35.799950340520205
4155,54.17229306638405
4156,60.69711911641285
4157,71.86556192472578
4158,68.86822968470402
4159,66.39723786198613
4160,53.512469373977574
4161,46.85844001554055
4162,44.200406492399686
4163,63.07239634255822
4164,70.48230240436615
4165,27.151751591224507
4166,27.90328475197185
4167,61.407703013139084
4168,35.87462135409845
4169,42.65588762757997
4170,37.720354507979835
4171,28.668028472166696
4172,42.07140758015009
4173,49.59723576322068
4174,35.628989833159835
4175,69.732012251537
4176,54.58358372943441
4177,70.02139624371817
4178,49.02863201178431
4179,61.67886246306372
4180,46.58854017611702
4181,48.37905727428197
4182,79.46582606634826
4183,47.7926450829972
4184,25.472957017463248
4185,17.849024738337977
4186,30.023420718769678
4187,54.73375912952058
4188,30.435190818336714
4189,72.2783968398613
4190,74.85298146122301
4191,34.1113734831296
4192,55.102452429969624
4193,36.64689959487333
4194,48.044171782608245
4195,73.73362469882949
4196,65.03176091090273
4197,45.08786083240851
4198,51.356617397450336
4199,66.91864132322166
4200,27.236733712956422
4201,79.77103921146355
4202,59.4422785066872
4203,67.55824573447393
4204,31.43468313450548
4205,28.133136211590255
4206,71.32299588158008
4207,29.838922611875567
4208,76.55537473731653
4209,49.49907074097836
4210,49.60936317599258
4211,51.448682490807975
4212,72.2850026557333
4213,52.29878896247278
4214,39.3920082942316
4215,55.26520064399342
4216,72.70730030685243
4217,30.32321134045235
4218,76.86420068891269
4219,32.623695305264775
4220,50.41658267055291
4221,30.875591033494942
4222,70.97543683429377
4223,73.9606674707342
4224,33.0970998183031
4225,32.453901600707454
4226,41.02299617151188
4227,35.61416538378519
4228,31.101895785974243
4229,69.58973359388881
4230,26.015137977758233
4231,36.78401748538295
4232,28.881540645932855
4233,75.49844424366354
4234,65.55073668450103
4235,54.50632761821911
4236,52.639954916865506
4237,36.17045565567007
4238,74.66072939764796
4239,72.07163563252492
4240,67.29624176950014
4241,86.89412552730141
4242,83.86491409658692
4243,37.13884685061103
4244,35.51312014320583
4245,63.27284299298026
4246,49.97197388208307
4247,31.7391104227708
4248,34.164271667901
4249,69.792568839974
4250,34.48503973915081
4251,28.33212600054206
4252,27.364190231215638
4253,31.594155670254562
4254,66.39098988426265
4255,67.70783475507073
4256,27.58991213427249
4257,68.49651212208548
4258,57.767670377938884
4259,72.1209895790165
4260,74.70817343465524
4261,38.6258908221138
4262,30.265506928710018
4263,75.7978207001169
4264,61.04517799341139
4265,34.24569179264019
4266,35.89726334536759
4267,47.14689696355448
4268,38.878799838472986
4269,34.770539479681574
4270,79.53840135060052
4271,43.85436685589544
4272,69.5211020030644
4273,44.775657639938515
4274,46.35238041673483
4275,51.397018425634506
4276,69.25077373713538
4277,31.19977693706493
4278,59.52358224329899
4279,32.2670794450418
4280,72.01804579761252
4281,63.5175211143593
4282,31.7109017300597
4283,21.94129252069649
4284,68.27480820939599
4285,31.649706363464897
4286,31.092177991149686
4287,34.130435406550504
4288,35.197776417411774
4289,32.20358153945894
4290,54.40863103390631
4291,42.685477414913926
4292,39.19827378203561
4293,62.51818355260941
4294,35.134449884642116
4295,47.04409328798243
4296,68.39482892921019
4297,43.01690964130255
4298,32.91974153215423
4299,26.283589130089318
4300,52.13548888745516
4301,54.895735044193664
4302,50.759247902714925
4303,30.600965265892675
4304,29.292351745921184
4305,57.998772623994874
4306,30.548837647021738
4307,72.03160228374858
4308,37.158267551125206
4309,75.94239115781258
4310,32.46218427673854
4311,28.281884244000373
4312,59.893085291824995
4313,43.76911858882367
4314,25.480346503230997
4315,59.45192350177981
4316,27.987490054857812
4317,62.09127949637189
4318,56.250547579693475
4319,43.81126434964126
4320,50.06717661770328
4321,57.621293598725885
4322,29.407503264427458
4323,63.90176329868772
4324,72.03021201793075
4325,17.486062759682092
4326,24.197792909060823
4327,41.44736960231628
4328,34.36814212859983
4329,74.43563680881664
4330,64.38241970311154
4331,26.909700689896894
4332,40.75780711631591
4333,39.80825188076389
4334,28.44149089745452
4335,80.5261759679304
4336,37.412824203381206
4337,28.60169974829591
4338,25.422700713801007
4339,42.711422078523476
4340,69.19784041035822
4341,25.642512343709814
4342,29.57328025945531
4343,28.70105032987077
4344,57.91475225567311
4345,29.980949306513203
4346,71.77978004351273
4347,31.546908767250617
4348,52.89133877741228
4349,71.03698335492284
4350,36.893416165158136
4351,68.3142023372889
4352,43.66202934861316
4353,35.078521531729066
4354,35.37959493163143
4355,43.097594498340506
4356,70.05505690771818
4357,47.203435142914344
4358,30.356875349924717
4359,52.5179623805863
4360,38.99996290288922
4361,31.343917020533596
4362,27.66100124221949
4363,76.99352928531982
4364,27.563908407093322
4365,42.92524755578917
4366,33.90842900617244
4367,73.01554308011328
4368,57.263237191006446
4369,51.65725306824933
4370,41.11983528052134
4371,34.73948755798365
4372,35.24778963354133
4373,58.702552784773395
4374,32.33426879302905
4375,40.33335887091724
4376,55.207240728673526
4377,38.19411939954626
4378,53.01865304814753
4379,71.01995398618426
4380,33.19456148151701
4381,36.81060200724047
4382,49.582033320375984
4383,54.32744748388452
4384,34.96973518381947
4385,37.70948932605373
4386,55.307768888918275
4387,57.625886063623796
4388,29.66654390537921
4389,72.16938482495017
4390,37.91625864261134
4391,74.81839179917218
4392,38.08697613527051
4393,47.39508862534706
4394,71.00425241604464
4395,24.196051996709688
4396,31.656974666886818
4397,57.62651604186879
4398,74.20702759149393
4399,74.97329718078143
4400,32.89468642566793
4401,62.312593337280546
4402,30.763369881227838
4403,60.31684506357939
4404,42.80022566215305
4405,68.7943624333407
4406,33.22118770746167
4407,71.07637964455783
4408,31.419051021268054
4409,45.432035493179875
4410,65.46022977154699
4411,26.040436357080758
4412,35.528068013647776
4413,64.71060677460866
4414,53.686789843467345
4415,55.91885474398887
4416,71.15217232931458
4417,34.12844728058799
4418,48.829602615425436
4419,27.97289715437405
4420,41.07482375571145
4421,30.86864652443689
4422,75.47080777529618
4423,30.766002838740263
4424,50.51650173891805
4425,45.382466785596634
4426,47.31076184955391
4427,26.26706369209732
4428,54.654230075417615
4429,60.85779100108397
4430,51.15240468251749
4431,31.662598548190225
4432,40.335413134121275
4433,50.381898462441235
4434,69.81563891702086
4435,23.98241001163387
4436,33.26252478761373
4437,73.1484675990209
4438,29.563937304633008
4439,42.210986300014795
4440,32.98237195048011
4441,30.81721434438158
4442,75.02107079840054
4443,58.39630600924096
4444,53.28609512438305
4445,28.638873746105546
4446,43.15214950326561
4447,66.83442251742201
4448,44.328149090142574
4449,32.612548543214466
4450,40.225832638438284
4451,43.47543267528952
4452,70.0972599171891
4453,49.14725321733063
4454,84.91750768826276
4455,49.56822335922187
4456,62.64047324226266
4457,30.241656699031033
4458,45.92365648647022
4459,31.792635249504972
4460,75.50968616266405
4461,74.85466522650279
4462,27.035088533613457
4463,77.05737987432525
4464,73.28230526485966
4465,44.61815748237346
4466,33.299109334863246
4467,29.759907739411712
4468,60.09076045786857
4469,77.48000057450469
4470,25.7877196303968
4471,57.54728535286467
4472,37.97360563188668
4473,25.509836812290903
4474,31.51587659573287
4475,56.73164914959724
4476,30.582698866284936
4477,41.938557369103044
4478,55.62449921536324
4479,35.134969593513695
4480,28.354329893861085
4481,49.69067511755986
4482,46.639326982611685
4483,64.104569425608
4484,35.37107153350319
4485,32.19016781963869
4486,26.2648589439324
4487,76.54823484135264
4488,69.16139557566846
4489,32.4599665855387
4490,24.002604514620618
4491,48.945469449570815
4492,26.393132047218337
4493,53.90017550569309
4494,22.488220515211236
4495,49.11882690699787
4496,29.771995197745788
4497,44.81450820214219
4498,31.263968190057074
4499,56.958278727014665
4500,23.375188236309114
4501,31.277686036596116
4502,71.69901261006024
4503,60.77229863869707
4504,69.63977795594457
4505,31.821621650129156
4506,56.61350484329218
4507,48.13622424577271
4508,35.20952490841585
4509,74.44503876602424
4510,41.904350628884416
4511,49.39031728151812
4512,36.65585419922626
4513,51.13371723567646
4514,51.58951084327114
4515,49.38647903893338
4516,67.88022738567155
4517,40.19175277895195
4518,24.954421149853196
4519,28.27268310556294
4520,29.83469776402938
4521,44.0891160838475
4522,40.713650718768875
4523,33.442208059816835
4524,46.583979817155885
4525,28.527738281078804
4526,33.07354381534061
4527,29.66095437660797
4528,33.84051206258222
4529,66.68947425136798
4530,47.59468915375801
4531,52.094763541031895
4532,71.63012024726952
4533,29.276495366831128
4534,34.59978402461158
4535,31.129286036985626
4536,58.040324890959326
4537,63.619946485637726
4538,29.314753822000203
4539,30.971393510609598
4540,67.1095902807755
4541,63.11992723514846
4542,27.344570645670295
4543,29.954975009207438
4544,29.21750025015315
4545,65.75190770664786
4546,77.58700012383895
4547,65.29538434887148
4548,72.26237029218018
4549,72.6489229367782
4550,51.28928554987281
4551,53.591865362350816
4552,37.6997677178625
4553,30.031211061258404
4554,48.23315786580463
4555,43.83724826052719
4556,72.97869781802115
4557,47.986029710805674
4558,34.275370999828354
4559,53.39270106623526
4560,27.494498111502267
4561,32.35357119126152
4562,63.16586770416678
4563,36.669100461202746
4564,30.45542092060778
4565,59.245884547720735
4566,33.54796668303604
4567,50.652716565361374
4568,53.41150535210006
4569,58.28524914734332
4570,28.562287289804395
4571,35.13063506489732
4572,24.295004364836835
4573,68.76486162973778
4574,31.250484125225125
4575,30.487649593849923
4576,41.77329232797382
4577,55.20091682684302
4578,74.6375700798196
4579,29.707319004331897
4580,37.31074789103825
4581,52.44414096589093
4582,44.123432788101596
4583,80.13418082261434
4584,33.09181553654684
4585,58.338886706556295
4586,27.008397372128076
4587,34.11341709366288
4588,53.56922005783824
4589,63.3717101572763
4590,70.12199681524382
4591,36.49995791469176
4592,65.92948864216876
4593,69.13777589108574
4594,23.963256649699986
4595,30.550533676607085
4596,48.467443948640565
4597,27.129867487511415
4598,34.18838638633483
4599,32.45651108989883
4600,73.04132604194575
4601,33.298310101514645
4602,38.81309844278151
4603,57.9785522020656
4604,63.47805775686565
4605,76.93153365010225
4606,47.90275580824309
4607,35.956667184053885
4608,35.479477100623065
4609,62.52211037080742
4610,37.45164443487518
4611,28.061993054682212
4612,42.12331390390888
4613,36.778460160392974
4614,33.59486944610519
4615,34.06309153888941
4616,66.23770354462664
4617,33.067414816969276
4618,84.25594404899743
4619,41.77951058112176
4620,39.380859711842966
4621,32.73003497434645
4622,44.930533675303884
4623,26.096759661991705
4624,41.062707804241064
4625,69.83955812230047
4626,60.15441085569178
4627,74.50726510372448
4628,65.83282002735879
4629,33.986567987801244
4630,71.75165765574026
4631,71.93308216036758
4632,41.654079875385825
4633,27.803544104803922
4634,60.936298484124244
4635,42.77794574800884
4636,34.80015793147044
4637,36.89060895077117
4638,64.92715008900382
4639,66.62420454231217
4640,36.10232129995681
4641,66.73323765870535
4642,34.605655723556396
4643,72.41941118308982
4644,36.52583996456625
4645,29.69765277012238
4646,74.7330747936006
4647,65.21351962080881
4648,34.45529605297351
4649,35.51415570935381
4650,43.65733024158218
4651,40.09508931252181
4652,42.06960681457783
4653,65.14360670721034
4654,79.12931200484148
4655,42.18976671576614
4656,32.12676924553658
4657,33.20841131462733
4658,28.997814668605347
4659,60.907653590802106
4660,25.671257902684523
4661,38.90338626233937
4662,57.120339009622185
4663,50.19315885625338
4664,76.45910093545021
4665,35.98913235660649
4666,72.42051268157161
4667,28.957906318573713
4668,20.825361514224713
4669,42.00583212477326
4670,41.21674009204804
4671,56.026005491787195
4672,41.993575219580464
4673,37.512513330916605
4674,57.726537875485874
4675,51.17103070742728
4676,33.457678298783314
4677,76.41969053682843
4678,31.991112700154368
4679,55.47439465073929
4680,63.855982992456596
4681,31.319085915174387
4682,67.58499208794301
4683,41.02265549542089
4684,64.32058547147066
4685,37.67069765056524
4686,69.1878698482534
4687,69.15046769199665
4688,42.5320123560566
4689,64.32768987041314
4690,29.365706647167368
4691,66.23232792363879
4692,49.175619581036
4693,28.53798777963528
4694,72.5284151923712
4695,72.53107031312338
4696,56.86771870453492
4697,27.85369404483916
4698,46.10579571619568
4699,62.05910402333732
4700,68.79133050576246
4701,34.54865893973009
4702,44.82318057420034
4703,34.00580109625504
4704,25.53271049675992
4705,43.2867190201382
4706,35.1934275628981
4707,63.235946532432436
4708,28.3980247228782
4709,34.16927182001252
4710,29.03257627204078
4711,29.941508572083908
4712,58.59192749895756
4713,34.455450093328494
4714,38.51810025322967
4715,73.88512180090586
4716,34.60779307678163
4717,70.62189059495553
4718,34.524578736033405
4719,29.253814945474492
4720,67.68698630985836
4721,32.12738137802894
4722,36.391510882023766
4723,25.382128455173625
4724,32.67717248514195
4725,27.63273700148187
4726,35.63417263466519
4727,62.60969705060306
4728,71.56100382729818
4729,59.82434937672042
4730,74.22947440765824
4731,61.27717157274365
4732,38.035803716605216
4733,38.77856989556716
4734,47.84262188703948
4735,31.207847076959013
4736,37.05918031424737
4737,69.90315329209616
4738,28.40469209509887
4739,75.39852110881449
4740,75.11021757057547
4741,33.026467730896414
4742,35.18936728034024
4743,72.11582656649303
4744,52.156961456754054
4745,61.83227554291442
4746,51.53522435478005
4747,64.26125484261969
4748,48.142117579220354
4749,71.36070674014444
4750,31.964676361950144
4751,41.2996176962565
4752,34.071264707086904
4753,68.15375418236381
4754,81.90330562511727
4755,35.38664696484537
4756,57.62753654222362
4757,37.846575627874
4758,68.68685409108376
4759,30.073799070505565
4760,49.53416624397458
4761,68.91641165600623
4762,29.887494861405813
4763,71.49516449509753
4764,38.63286299817726
4765,25.20259576340093
4766,31.81155917876078
4767,35.94768276397234
4768,36.616809895378
4769,34.13348280651404
4770,32.43711209340063
4771,32.0999529437907
4772,44.92643314369767
4773,74.15270075844492
4774,45.37898269629838
4775,56.14577015298885
4776,64.16938079976777
4777,30.68660866218576
4778,35.09596936009593
4779,61.53007927790158
4780,44.94436354938187
4781,69.98493648418521
4782,28.44421841399111
4783,34.29773797869178
4784,33.846978111152296
4785,34.60388004049594
4786,31.502321477500523
4787,67.42910386406407
4788,62.66346456926006
4789,76.00754938484539
4790,27.014187594060925
4791,70.69406441945259
4792,59.77267286103512
4793,32.76025878684463
4794,27.771807393229466
4795,31.745296294416953
4796,39.45838696796437
4797,27.51514623655614
4798,37.445118678170346
4799,53.27781997418654
4800,63.45232978632184
4801,25.175826601503612
4802,26.590939886876406
4803,31.457475128946342
4804,32.57955344022207
4805,30.16553037158614
4806,27.18253609851726
4807,73.14700990911817
4808,36.91884715560712
4809,83.86105924889901
4810,61.5506228763959
4811,68.49465764891016
4812,25.78453713643112
4813,29.682572318397423
4814,61.05797448531306
4815,51.66725019040855
4816,53.19332912911947
4817,55.944250797772064
4818,34.27798276053333
4819,86.39089002789225
4820,30.64985504370229
4821,35.23809266974877
4822,50.18723424897395
4823,57.590720991336525
4824,35.42400771047018
4825,26.122978662582312
4826,50.10780704872733
4827,27.962691580761398
4828,61.80615791594342
4829,31.64653335635922
4830,70.02844717897412
4831,59.37998019860931
4832,71.400616906919
4833,28.094548703405614
4834,25.30642378663873
4835,27.494436064135375
4836,22.266066709422535
4837,27.064644253403028
4838,58.61380651568567
4839,82.84363836711185
4840,43.4512536379182
4841,56.3718132465624
4842,33.05186477870323
4843,35.331360044766484
4844,38.172291746409854
4845,29.01789689221159
4846,48.650467303788155
4847,73.28386626623137
4848,71.33058426016345
4849,33.02426771825159
4850,26.44568200376022
4851,37.24967349030864
4852,56.20820133377785
4853,25.08834804531875
4854,35.96656157728616
4855,50.063685695086086
4856,74.28109584503254
4857,42.55780974546022
4858,38.520626154319075
4859,37.37376656895686
4860,34.99910044724934
4861,34.03247173139162
4862,31.18671188791664
4863,30.73506308263003
4864,67.30440946585138
4865,34.13531721688054
4866,70.80689544165924
4867,36.95307264688976
4868,42.02218243355415
4869,49.313751283398084
4870,35.66492083950154
4871,71.96031878542964
4872,62.5907062976887
4873,36.92383540633768
4874,31.47226395970795
4875,61.29684662273597
4876,65.47726647023558
4877,33.356187493174076
4878,78.71940175960262
4879,71.53412277584545
4880,33.06568332480091
4881,49.29133690459582
4882,37.33798412472342
4883,31.009727294409473
4884,38.84915385772987
4885,60.74428708641396
4886,73.73161310930968
4887,40.31203447072596
4888,45.26258902776908
4889,32.82063831779614
4890,41.103029848193174
4891,48.6373618140052
4892,29.919080882118976
4893,73.32580031575036
4894,36.96999262458824
4895,31.866458306244333
4896,39.795983693269136
4897,63.63437621322453
4898,44.07177652446946
4899,73.6778159634095
4900,41.762044013109026
4901,62.54407689060705
4902,51.78777924375311
4903,63.33419350986611
4904,53.15807930502942
4905,61.03972412865591
4906,68.66645260513275
4907,33.289841316908515
4908,27.907269235742376
4909,75.06439588334081
4910,42.81884404605369
4911,24.786960997465997
4912,32.28215089885532
4913,72.05007904057744
4914,24.54516029688709
4915,36.15594336120004
4916,41.14459252449103
4917,49.79159411423773
4918,28.72630772204686
4919,67.05574636143348
4920,23.676971363952532
4921,36.16567297003242
4922,33.515664901183214
4923,60.30362545344573
4924,39.929799783500734
4925,47.82987219718515
4926,70.80200048887507
4927,35.736794521514035
4928,70.9573930363745
4929,82.67605832452682
4930,28.687183524239803
4931,48.764080021549475
4932,41.11472567781138
4933,61.00933577487604
4934,36.18497956731227
4935,33.79065371211459
4936,66.13918256969242
4937,28.318045265108676
4938,72.14144044196584
4939,36.29129539972185
4940,42.67325749883091
4941,66.21854717704184
4942,39.06459678415554
4943,64.1370782113504
4944,26.321946613771534
4945,77.21985618524756
4946,28.173226708674893
4947,38.9617489018413
4948,26.09724198390687
4949,40.75908387752069
4950,32.358190292202835
4951,20.19940236106371
4952,44.761786020847005
4953,60.32476240461101
4954,37.69174678726914
4955,71.76366175545712
4956,40.65297514272098
4957,29.98255088373806
4958,58.20060658242563
4959,41.60160917397564
4960,35.057137919975304
4961,34.40798949602511
4962,69.63834940845152
4963,41.69913810816387
4964,49.1096997068001
4965,71.89045568341433
4966,35.713479748441245
4967,46.94381657808095
4968,76.13189652626518
4969,69.32946381583021
4970,70.75937978107632
4971,60.53485829712895
4972,40.37094061799104
4973,26.2147140965824
4974,71.08440553510545
4975,31.28854261379821
4976,41.562631531462934
4977,28.24863747237123
4978,52.3918079653799
4979,44.792370112460745
4980,70.57021951191278
4981,35.66615018746982
4982,33.020612184941946
4983,40.84857592971132
4984,39.05416779587182
4985,62.278110982607494
4986,74.59170474339325
4987,24.48347198671974
4988,52.06834714218135
4989,44.39641604550604
4990,61.60041742153557
4991,68.49004634986602
4992,35.99307181126906
4993,28.390925822052868
4994,48.10203256258118
4995,33.77649310688865
4996,57.768856474431026
4997,61.263166049071884
4998,42.21752636857073
4999,73.50505798587581
