ID,LoanApproved
0,0.9914919144703647
1,0.0029371614058933166
2,0.9994554618224477
3,0.998573945262809
4,0.9975298564129043
5,0.0017960523433218462
6,0.9996707216051697
7,0.9975142350240636
8,0.6945542245887532
9,0.0012593927616588725
10,0.9839675789845704
11,0.8929662992056088
12,0.1634580250621246
13,0.9979965577907078
14,0.9826516774113481
15,0.03713490528434949
16,0.999900757384425
17,0.9978667823430146
18,0.0003406675021097445
19,0.0004014518136130579
20,0.0003951168120748941
21,0.999262977409471
22,0.017879683504273443
23,0.7127769887039256
24,0.16850439745721132
25,0.9990807695311013
26,0.9961222386857554
27,0.9988137298843989
28,0.0014068867383060166
29,0.0006482883194037436
30,0.9863101628560592
31,0.011162011472310687
32,0.9693373756549971
33,0.9836738817247053
34,0.9967606973381766
35,0.9996559680298859
36,0.015104581743335718
37,0.03112988182863326
38,0.9433223135561442
39,0.001846153794948793
40,0.00013083670319212178
41,0.7438313568542915
42,0.01334562405262907
43,0.9993289861422134
44,0.4295792743609123
45,0.9966943810749807
46,0.9831347749845196
47,0.0004747483830175425
48,0.9986067411634008
49,0.9995707383232617
50,0.0019833500512144845
51,0.023217624050490628
52,0.043179361776763264
53,0.9985040246898721
54,0.9048984319488097
55,0.6027842610232476
56,0.03096514773515782
57,0.9987372317702804
58,0.9980209107617399
59,0.000979973547234329
60,0.003862206646474614
61,0.004434475405597794
62,0.9859422230542215
63,0.0004884076191456189
64,0.9889350036680031
65,0.9848567295599606
66,0.0009544136515549024
67,0.0002180518689325596
68,0.9988157140669237
69,0.0004281241356146573
70,0.9991827613017226
71,0.9986937453339634
72,0.0012219405231992738
73,0.11015454940695112
74,0.010531491893258908
75,0.000316309183269171
76,0.00021226104614457733
77,0.999261405319672
78,0.009367116644413634
79,0.010882056461377632
80,0.00030171092554084905
81,0.6354207221809778
82,0.0011381229782057025
83,0.9894193989480479
84,0.0002473898268689519
85,0.0010275015151276826
86,0.0015537946654193724
87,0.9998135448823823
88,0.9401607784623518
89,0.10422517029563676
90,0.980932355344667
91,0.9787507147231823
92,0.9113820573616982
93,0.9989853064854302
94,0.988929699538145
95,0.9957462511858144
96,0.9918140223920503
97,0.00023746713100955568
98,0.9133197400298497
99,0.011753010629259045
100,0.9995769150255835
101,0.9983881305492681
102,0.0002627470960385988
103,0.0001390221319270739
104,0.9994277136943321
105,0.001825295726072719
106,0.0017073612815240954
107,0.00017109751117500428
108,0.9931484601926928
109,0.0008095806119998198
110,0.0004963298699856681
111,0.0006693312251740526
112,0.00042633689413719937
113,0.0010846946577856055
114,0.0016427627078929737
115,0.9453761269210958
116,0.0002912627297496832
117,0.0025892238505664943
118,0.8898829902897427
119,0.9808551226950841
120,0.9922114446711465
121,0.0017678851526742782
122,0.877409929767476
123,0.15655132653684842
124,0.9735961795332044
125,0.0039695776223163315
126,0.9972853999219667
127,0.9996178410364818
128,0.9982354801321996
129,0.01299165726294261
130,0.9994576850832935
131,0.00022713486268740362
132,0.00035187036515458496
133,0.0005786714206705556
134,0.9998391729357302
135,0.9243041202599119
136,0.9997077906195829
137,0.16283182552861572
138,0.9998221019429989
139,0.8753623550742659
140,0.07216579673942757
141,0.7743586752373557
142,0.9998711058941484
143,0.9978624191584266
144,0.014263178188658611
145,0.9997539382767838
146,0.12297796823373722
147,0.001339424789902461
148,0.00048542250798494626
149,0.004221880529921314
150,0.7711254655358504
151,0.9779347144124215
152,0.0006684859577720057
153,0.8358873212750721
154,0.0002608805075680227
155,0.9996949484122053
156,0.0029214431386469387
157,0.015240942482277274
158,0.0004352963796400678
159,0.004203801973279572
160,0.9062948813245478
161,0.7581811194536844
162,0.00023677663464501098
163,0.5580214896335003
164,0.9821926266243495
165,0.021881907098779078
166,0.7359329334022486
167,0.6496708034334553
168,0.9968817468881411
169,0.9819158709497607
170,0.8231807936721759
171,0.18130236354221968
172,0.012710882072086597
173,0.9740094727935276
174,0.8806194860078029
175,0.017758326568294614
176,0.9481220679077013
177,0.998344247583889
178,0.8864589971436807
179,0.0003063159063395383
180,0.27333582924983874
181,0.9997502956451171
182,0.01633640726363814
183,0.003639303683309232
184,0.0010966777941116518
185,0.0021067128181502695
186,0.00013942923162616207
187,0.4953670097966825
188,0.9990529917977542
189,0.9999660576242926
190,0.9987904037150684
191,0.00028452104358003534
192,0.27399631493842325
193,0.9992384898878992
194,0.0011485258102836436
195,0.9992863207652816
196,0.9985581312524764
197,0.01542348176128351
198,0.011861072687220331
199,0.972564552842613
200,0.9997311637445007
201,0.10183083904364117
202,0.9963642665202528
203,0.9996505006220971
204,0.0005050983617150864
205,0.044863897490790866
206,6.300853413508134e-05
207,0.772662482415886
208,0.0016251074125393265
209,0.9626575873847594
210,0.9678753182943127
211,0.9905599050881294
212,0.000456804775527891
213,0.2930986134614332
214,0.9916064006141146
215,0.018166011817159666
216,0.0013458810122815522
217,0.14528727807887018
218,0.3895024244827759
219,0.9856899337619955
220,0.9994706990581286
221,0.996997515860023
222,0.9976215715283653
223,0.0782576218623102
224,0.9975427491312274
225,0.0048048515925057916
226,0.0014220109155728417
227,0.9954235388291577
228,0.7043898274658379
229,0.9992838472627251
230,0.9435375467319285
231,0.09043045498459211
232,0.7808710790029568
233,0.5499729554176164
234,0.0157199045776258
235,0.008887984549571595
236,0.9988667657218949
237,0.04122185778197954
238,0.11965449410687902
239,0.9966941972067828
240,0.00035674192617963255
241,0.00030038089203964635
242,0.0751479188744609
243,0.0003545360804111634
244,0.0006034257015488744
245,0.0006308171462491392
246,0.9998993128607386
247,0.9956469921629827
248,0.00033225493428459856
249,0.9997761281525532
250,0.014710261772445232
251,0.9950064797595525
252,0.7120473733937331
253,0.0028247890687709675
254,0.09684266368897443
255,0.999603136139975
256,0.29431322929466014
257,0.0009552314980458347
258,0.0706572166422166
259,0.9996909384998597
260,0.0011902954951723153
261,0.003316699279370665
262,0.9991406970240738
263,0.00030960981113687183
264,0.0011966318042136142
265,0.9985486511118832
266,0.9110003517127137
267,0.9799601140874956
268,0.0020867417024093733
269,0.0008258212672569587
270,0.9801836089082203
271,0.0004455904083406941
272,0.9993969434262905
273,0.03458513330785431
274,0.8996259904639712
275,0.7819086130982816
276,0.0004256794991328686
277,0.7462329362191408
278,0.1265899785536922
279,0.9980416065234172
280,0.0011133871089276009
281,0.0017360845199320086
282,0.19023259404595477
283,0.36296089345147126
284,0.9874972145223657
285,0.9995385651267814
286,0.9950433277908882
287,0.0002468824855587414
288,0.02213209122364375
289,0.9833768357659086
290,0.907779147600188
291,0.8902595174835801
292,0.031251372504308636
293,0.015157629448694991
294,0.9995496839343047
295,0.0018759292881281914
296,0.0002828546103792255
297,0.9566414126016807
298,0.8058761828889577
299,0.0003591038920092517
300,0.04115263962939465
301,0.00013815048316790718
302,0.9647995202898311
303,0.9944185840694258
304,0.03407419666122361
305,0.9997876057022262
306,0.9988520900319521
307,0.0013865078520918556
308,0.8716180853777883
309,0.957999073850992
310,0.0004998658629234415
311,0.0008661447148679976
312,0.3450588234728919
313,0.6347581802003001
314,0.0005630717545538245
315,0.0001797914689112992
316,0.995651735701207
317,0.996750275103037
318,0.002303843611226166
319,0.9962737494865327
320,0.9991032470882385
321,0.7333516020360523
322,0.0004041735103380258
323,0.00047489230484454856
324,0.0002741858102943364
325,0.44685059771772895
326,0.0005581517973145723
327,0.9995418637215803
328,0.9931758295230296
329,0.9996577214187478
330,0.9727094120652579
331,0.010324940310970723
332,0.9946883469646915
333,0.030967160217650516
334,0.05255578947423573
335,0.0021911692426828055
336,0.002794502924249451
337,0.9955096603589045
338,0.9863314106049645
339,0.2034725793425677
340,0.015309371164689566
341,0.00015832608081703294
342,0.00034176499424523095
343,0.016870017132598603
344,0.9962427435329065
345,0.9997403424388535
346,0.6619135276893728
347,0.9873126043474392
348,0.9909626274184793
349,0.9825632622613203
350,0.9013075048411595
351,0.9965224364370832
352,0.44221643534529315
353,0.9990919818114534
354,0.9984959622692884
355,0.9909060400395564
356,0.9998481926779763
357,0.9997910817457984
358,0.9766900344437208
359,0.0022773225160417055
360,0.991772052634808
361,0.9993085919332593
362,0.9573552503462865
363,0.0031757277693350992
364,0.020090370061571945
365,0.44368448868727084
366,0.012924899499985976
367,0.9966123632257766
368,0.0019441410838619466
369,0.877769650107929
370,0.9981200331830452
371,0.9995074338477642
372,0.9996169374061474
373,0.0001942479572808352
374,0.22001911363580764
375,0.9719899693544162
376,0.9996037121334173
377,0.00128756694547203
378,0.9684904875788164
379,0.010415177507186695
380,0.9865635667609943
381,0.9870246621001038
382,0.00043018513459518903
383,0.00029274346661919596
384,0.45778681906925006
385,0.0006914031512145895
386,0.9989696672835152
387,0.7883986833207685
388,0.3559437156458494
389,0.885917126603535
390,0.0010162156001844232
391,0.00016496753854141981
392,0.005733904050273413
393,0.9992106478841851
394,0.00036169572447160455
395,0.0003397581473299356
396,0.9982615406435418
397,0.9840906855017929
398,0.00039580335471826265
399,0.9259564096224948
400,0.08538671529665562
401,0.0017848511891713093
402,0.9988283314922403
403,0.0002578940243015167
404,0.0004399503608678396
405,0.33588277915627773
406,0.9993770564651772
407,0.000862556147032881
408,0.19793183029135905
409,0.9945038287466094
410,0.9515662075728875
411,0.9997290917076723
412,0.9996575436741969
413,0.7666856349734201
414,0.0005766127707706453
415,0.9489056902257359
416,0.009062568212860899
417,0.9987357282032922
418,0.9997997911017982
419,0.9950162182684912
420,0.9997019983558356
421,0.9982454891455904
422,0.9992959732885928
423,0.022757309176012996
424,0.999166522921202
425,0.21304894816259862
426,0.9750869528008869
427,0.9988049395078923
428,0.012818427400859617
429,0.9987218498153255
430,0.0025337967837746767
431,0.9994141264398995
432,0.0005014041453410644
433,0.0008709566937844485
434,0.00035538637920689214
435,0.00665562823214946
436,0.9996983910692245
437,0.0002767247345026005
438,0.8418558133074485
439,0.008329890872480882
440,0.0007646551604759194
441,0.9461954369308756
442,0.0006198540692661887
443,0.00019182504678654395
444,0.0017607118634464093
445,0.00012241860292739598
446,0.00041180535443598474
447,0.03500134074202089
448,0.029489659060159677
449,0.0015241556947255906
450,0.0014679646275177003
451,0.0018140605017808458
452,0.9990882492810008
453,0.012225155614980356
454,0.021621699838966026
455,0.011322209423384565
456,0.9475200639679577
457,0.2629341123765545
458,0.9178481026663741
459,0.28652802224751484
460,0.9897631936129822
461,0.9767174188603602
462,0.9997288975915494
463,0.10400643489866422
464,0.9995310445578718
465,0.04465226616007499
466,0.9995508833776856
467,0.023593469175726727
468,0.9122605843781978
469,0.00026541670036442524
470,0.010642280542443887
471,0.0002012068041729606
472,0.9913859575018559
473,0.9980812147353523
474,0.9996825734349504
475,0.0007700434099134497
476,0.9984829921704661
477,0.0003196030180616393
478,0.9981673362224618
479,0.0576547994634452
480,0.020410919841048102
481,0.9467683930342945
482,0.00528499881665483
483,0.9651611461926185
484,0.998321180417921
485,0.01581086837346231
486,0.008580914817336204
487,0.9948319123767383
488,0.0005556575001726177
489,0.9996917594183364
490,0.00021291315187683548
491,0.9994578859159177
492,0.0002808669233616906
493,0.9776605739283772
494,0.0011723594904830368
495,0.9994873404803455
496,0.0002691047958213093
497,0.0004111069821400446
498,0.8196384924822454
499,0.999422278887839
500,0.16642197784920745
501,0.7949558075014685
502,0.0020637958052951034
503,0.9981280824907173
504,0.8169155312459638
505,0.013108178306806873
506,0.21890072504456065
507,0.00022163759223888852
508,0.9998252819930701
509,0.0013881253756913685
510,0.31438630013304586
511,0.1249555644153334
512,0.9997733159870863
513,9.881013796194888e-05
514,0.0005514671954920297
515,0.9994871801521509
516,0.8501261087521291
517,0.16358762203525284
518,0.9980954446268565
519,0.8331598338963934
520,0.04012776025300968
521,0.0005959219986017177
522,0.0010909246283529182
523,0.9313208375218248
524,0.5078792756603154
525,0.0003153382592400302
526,0.1096837334280537
527,0.07126553860113045
528,0.9632808716600276
529,0.9994239396701309
530,0.9984939059398908
531,0.9967652828212521
532,0.1011028378632274
533,0.0018191347570623248
534,0.12820567123583182
535,0.9869315451968284
536,0.067396946224947
537,0.001254679279378234
538,0.0001862205844004966
539,0.0005005250154087386
540,0.0007497720931320551
541,0.9866691469863487
542,0.0018504181137259192
543,0.10253382816977182
544,0.008689507696158193
545,0.00022364484084496717
546,0.0005742238796532232
547,0.02484310006013986
548,0.0004323275240666222
549,0.0002426065401192308
550,0.8492357426231245
551,0.9846459064770715
552,0.0006072910426969388
553,0.9815479081813946
554,0.006054490766713154
555,0.20692783593422376
556,0.370769797627374
557,0.9948385040878241
558,0.00026824221230267546
559,0.9921948259092418
560,0.9568420239227767
561,0.0023801827209260613
562,0.0005399756193313766
563,0.02820908825052241
564,0.9981500824752129
565,0.04628525935616277
566,0.2112258991021415
567,0.9709985329128863
568,0.013070848891760738
569,0.9967914540198891
570,0.001518049833003636
571,0.9888134243522019
572,0.0003295133900185999
573,0.00194930330570831
574,0.6020410238194726
575,0.6967718647909247
576,0.31017403176379416
577,0.9854486919641848
578,0.0034164610023421946
579,0.9380963897674793
580,0.9979591800037085
581,0.9995198461972813
582,0.0002712824467397262
583,0.21414280084701887
584,0.9984557797127389
585,0.9976426000121986
586,0.00030671736208225656
587,0.1665803099146653
588,0.4433438232028027
589,0.9874053826491893
590,0.0009204305971886085
591,0.9957010915800975
592,0.0013298756653956241
593,0.004213025728860869
594,0.001285145126476493
595,0.9987004702464741
596,0.0009651714113623026
597,0.8293091728151716
598,0.02157671111155257
599,0.047868384262021134
600,0.9922917420461034
601,0.0010210621320007856
602,0.001196828841864642
603,0.08881808129664832
604,0.005062274874249929
605,0.9871319813221545
606,0.9529034230446
607,0.03991713177174958
608,0.9994088003519508
609,0.9802115396719184
610,0.13222358230342665
611,0.9038954442645923
612,0.883719903745504
613,0.5615665827504099
614,0.972428671688805
615,0.9968189721985281
616,0.9994621890612778
617,0.9628977364642112
618,0.5196640022343544
619,0.960812021612989
620,0.9969381550925489
621,0.0038922087874561813
622,0.006627393732470115
623,0.06777765191799175
624,0.6598886236368586
625,0.00037026226788175107
626,0.7004184055231328
627,0.0005876605311498098
628,0.00023364997359881853
629,0.9998527221668886
630,0.9241055393592482
631,0.9941082088753461
632,0.0001899903570370178
633,0.9989697536463245
634,0.9981723863616075
635,0.8907437688689174
636,0.8138888081802748
637,0.00656470671224967
638,0.9961944228908095
639,0.003574074945575726
640,0.0002004531968994508
641,0.59890889377717
642,0.9660892900930864
643,0.0038741229858500095
644,0.003452086345108487
645,0.9829012423287204
646,0.00017900514209883634
647,0.00016426986201709666
648,0.0032872218477664307
649,0.0006587450579146351
650,0.9991576174949306
651,0.9995993959827407
652,0.9975521869212767
653,0.9957797438661722
654,0.9637403161379654
655,0.9128269887985687
656,0.9819650312706394
657,0.0006706190191370823
658,0.8653333433805945
659,0.9801260540273786
660,0.8027351414712209
661,0.9998754991338313
662,0.9968112068049415
663,0.9823126648225975
664,0.305465330973612
665,0.01868136991869424
666,0.9815254584987495
667,0.9604750561088651
668,0.17681308040717805
669,0.9074841153069343
670,0.9980213012648351
671,0.9990803974023591
672,0.9999074049061775
673,0.6960001759728762
674,0.9518140391133686
675,0.012506092142014634
676,0.5171701302965994
677,0.9851452370749259
678,0.8864200700808542
679,0.00024286394222148544
680,0.0022199571271222197
681,0.9135686496718238
682,0.8530651860631048
683,0.9405941678827924
684,0.997551314783301
685,0.07978428740987982
686,0.0005199283333577311
687,0.9997900546302051
688,0.0001617513736177731
689,0.05125674315596254
690,0.6653989679267998
691,0.0014266472412880907
692,0.00016137850105359987
693,0.8447167140400125
694,0.9985016547496662
695,0.00019913070137677873
696,0.009862077156969627
697,0.00017939299468726637
698,0.0005892702187489867
699,0.9858051425478572
700,0.0017485342049764533
701,0.9287912744094936
702,0.9942778898690725
703,0.9995611621724452
704,0.999627438979785
705,0.9997987842068795
706,0.5092557232663886
707,0.0013851287814642815
708,0.00020479980921337475
709,0.6705882976075147
710,0.143919761431559
711,0.25959038392517747
712,0.9998197824913531
713,0.012541614189644883
714,0.000538985387819011
715,0.9998963165697732
716,0.9963218877383232
717,0.02200138718467321
718,0.9029195361858406
719,0.9993602125986502
720,0.02183451383987355
721,0.006931181898651676
722,0.9997475119414172
723,0.9847334132898956
724,0.0005630160027485997
725,0.4047261274051588
726,0.9486892637877838
727,0.9106264325719251
728,0.00039259065222007705
729,0.9994004633460459
730,0.9194641970583716
731,0.00462392655161641
732,0.9854160011187384
733,0.569372816942332
734,0.3608080976517318
735,0.9983153928377206
736,0.0011927814755410167
737,0.06525257026733207
738,0.9979064751444305
739,0.9993154912831321
740,0.9941528767732212
741,0.001371905077131775
742,0.9957333152103395
743,0.6212502397578962
744,0.9995364121787509
745,0.2918494198244869
746,0.7911168718816296
747,0.0005187173663967561
748,0.9690774638268704
749,0.9916195591802105
750,0.0003647041401278407
751,0.15966407570318533
752,0.001958256308508245
753,0.6059883383217022
754,0.7201376475799072
755,0.12362192594297669
756,0.9992118452188121
757,0.0005358096193672583
758,0.00037818237862169977
759,0.18495958877948881
760,0.9990000612512248
761,0.5592610415318753
762,0.9928317668779726
763,0.9918549412369986
764,0.0002513494547148121
765,0.00042083524599186424
766,0.9997678264218166
767,0.00029816686548038646
768,0.9924938145539033
769,0.397661192361636
770,0.9774860327391908
771,0.0003822879053232929
772,0.04415854906894034
773,0.9995675482472326
774,0.9821377359874097
775,0.9439969656315753
776,0.9927289000036817
777,0.9802283944547674
778,0.9965211060755067
779,0.9995343987508933
780,0.35765429907811186
781,0.14866727762283014
782,0.0003184008050163645
783,0.00016407863099392986
784,0.9996366915827255
785,0.9924840923847038
786,0.11124997545790336
787,0.0002924005602023307
788,0.030519579019188267
789,0.8470352133966765
790,0.0005187347024394496
791,0.9991249708530144
792,0.939413813543309
793,0.9964945603105311
794,0.0007790395305022265
795,0.677641815911693
796,0.8886626426014602
797,0.9992898799808084
798,0.0003260376152480562
799,0.0001305137752083897
800,0.0005782713767134746
801,0.7677181056094085
802,0.9961988458120803
803,0.0036645727028082175
804,0.015309823675737556
805,0.0022498709429048893
806,0.0018821490737624084
807,0.07471548035049387
808,0.0005818299173391883
809,0.07422902200576208
810,0.00017471287968686468
811,0.5656987250855102
812,0.9997862175867593
813,0.0004788442376182579
814,0.9984153108424453
815,0.001326582276412281
816,0.9997047642140475
817,0.310560980918737
818,0.0006968643157135222
819,0.9995995500957554
820,0.99854337608674
821,0.2397292755306749
822,0.6358026647199797
823,0.0028770952034527075
824,0.00044371497652227537
825,0.00010718060382362439
826,0.5437023512727489
827,0.39504274726908384
828,0.9993032147940191
829,0.5840668617873908
830,0.8428920510629709
831,0.0008284206598764705
832,0.9882240268259093
833,0.05721863657184215
834,0.9870814572620252
835,0.009356817950350402
836,0.990153841010344
837,0.9915714915185966
838,0.969908233163105
839,0.420388715207825
840,0.08729250502861126
841,0.0004774627637310867
842,0.03351274434688585
843,0.9962460819763517
844,0.00021800205597524854
845,0.907136701802275
846,0.95820178487759
847,0.9996285542479666
848,0.005190061333565924
849,0.6849101642921758
850,0.9983056571869477
851,0.0006382034159222917
852,0.0017977646959370884
853,0.9005282792141942
854,0.9985711287606512
855,0.9948874986759381
856,0.0006467024668451746
857,0.9995539980008237
858,0.8651058855834444
859,0.012602150984034105
860,0.9966149260202444
861,0.41308550369439234
862,0.6656657232913301
863,0.9990826867552957
864,0.9992290160847982
865,0.007829767309882196
866,0.0006568480557455304
867,0.8815513984376709
868,0.4674777697699291
869,0.0030225398790128845
870,0.9934061698536201
871,0.9962751532676273
872,0.09000672823808797
873,0.07682506699773584
874,0.9994558197873092
875,0.038484716053668065
876,0.9997433514925754
877,0.9992415957007181
878,0.701918103721236
879,0.9998165082077829
880,0.9609711405111615
881,0.9992998587071308
882,0.13410168703197656
883,0.999597939027934
884,0.5974434636036728
885,0.9995081958050117
886,0.0008155431274497373
887,0.0006449232648850702
888,0.0030880018050093304
889,0.646137803569852
890,0.9991854108011565
891,0.9883527588619963
892,0.0002616408280934616
893,0.9996020694992699
894,0.955714820640351
895,0.9993056791024997
896,0.6394132410994197
897,0.012307149199671625
898,0.033058766383029466
899,0.027225377337892157
900,0.9993922646370748
901,0.0023938871913848753
902,0.00024090957833396883
903,0.0017717852868712103
904,0.05346058336687111
905,0.0022933116938857485
906,0.9775570701477406
907,0.00021712131463933496
908,0.609354236253639
909,0.002559773398608221
910,0.5541834158312233
911,0.00030784356909380954
912,0.00026412103508252415
913,0.008620190603665456
914,0.9997021046240373
915,0.21435134370837433
916,0.06622878072105469
917,0.006251904711540741
918,0.9982895559895878
919,0.9548235301600108
920,0.9961070540604187
921,0.9993020843962934
922,0.0029230990523799972
923,0.9996018713183431
924,0.001094876319073525
925,0.00017310848481033776
926,0.11812855192790929
927,0.9961030903065214
928,0.576578448292517
929,0.9987752923786705
930,0.9993896487954379
931,0.9996812859045922
932,0.9988895379701407
933,0.8901472932127228
934,0.9791465559287703
935,0.07867105400200836
936,0.0017920924346875235
937,0.9971959203361273
938,0.00043307297216790326
939,0.00039779507925337616
940,0.002378541305923729
941,0.5021182651020533
942,0.9527433047537587
943,0.1245149574061747
944,0.9988615478338099
945,0.00022160803428399847
946,0.9940734875527952
947,0.1855069791372626
948,0.08556677560244369
949,0.3124124781377621
950,0.9798088472574951
951,0.025855230064291104
952,0.002447993505607908
953,0.17079856856334513
954,0.8507708050316695
955,0.0010744874607400547
956,0.0016422632486556815
957,0.13073885074615607
958,0.8399233472306723
959,0.9889265764041077
960,0.9996049761242247
961,0.701018636648247
962,0.9341296817689018
963,0.0004558271005403559
964,0.005805690354276178
965,0.9995706680460003
966,0.975902281054425
967,0.00014833538432891907
968,0.9995047274925678
969,0.999614474766868
970,0.014961780631240812
971,0.9930357816969383
972,0.9994933280920743
973,0.4593785957822617
974,0.9996595900582632
975,0.8700270504067925
976,0.16052451616226426
977,0.0006291394459308741
978,0.00039632715438413566
979,0.9998192075193766
980,0.024764527090118532
981,0.4757715096996903
982,0.00017274535756447762
983,0.985714255934896
984,0.013700139614185708
985,0.5187337969777698
986,0.9828084226004133
987,0.00012267060168043607
988,0.9816905036333621
989,0.00032083469444266926
990,0.7668943273374598
991,0.018988904129462962
992,0.26164365308111853
993,0.9984971264705703
994,0.0027636131256298787
995,0.9997250028597837
996,0.9990130322918401
997,0.9771254923900051
998,0.004460427249118355
999,0.9988484852815102
1000,0.9797484919027416
1001,0.04546114026447671
1002,0.8458114296711251
1003,0.0021419525380412144
1004,0.0032389941749607822
1005,0.9991627506022719
1006,0.000575791268781546
1007,0.9983877156048343
1008,0.3672378451771136
1009,0.9952185805375127
1010,0.004492368120883732
1011,0.9989205577383331
1012,0.9395310958958595
1013,0.08621846368451483
1014,0.22346782510934438
1015,0.0001600273916329663
1016,0.7519964834869184
1017,0.43945386620943533
1018,0.9968891474336773
1019,0.00025788399222367197
1020,0.9975622275682249
1021,0.9400157169777628
1022,0.7413529825910629
1023,0.0005487414248792823
1024,0.0019689929924209338
1025,0.9440719965264218
1026,0.9992046424130089
1027,0.9991452525447735
1028,0.9996971502457694
1029,0.9992996373509541
1030,0.009619652936749096
1031,0.9970548337914702
1032,0.9985915830179068
1033,0.9996513677602944
1034,0.9998273685849524
1035,0.0002519865350561929
1036,0.00041563444075892064
1037,0.00030576237410575544
1038,0.012127163461757417
1039,0.0003234694945208357
1040,0.004629318882954591
1041,0.9976907750317539
1042,0.0002009187899266644
1043,0.0004931429700977952
1044,0.9975513115896786
1045,0.0033939092416265565
1046,0.7732895358707408
1047,0.9947537091003026
1048,0.03337989467156715
1049,0.9965738736850982
1050,0.97944801702708
1051,0.0004622974101652741
1052,0.6559113594374105
1053,0.059564015716380994
1054,0.0019457926302534853
1055,0.8293109224478324
1056,0.9981338485652461
1057,0.9996293385342061
1058,0.13054637514134806
1059,0.9991777713465206
1060,0.00019253729816012273
1061,0.587330681978404
1062,0.0006043249955084597
1063,0.005939972902499669
1064,0.607096679964911
1065,0.8369402756054449
1066,0.007941200282081869
1067,0.5767687698678553
1068,0.9326893621416771
1069,0.9879064272203577
1070,0.02312186752087119
1071,0.999644299850155
1072,0.002179064025553561
1073,0.8387732390217075
1074,0.4264524818424168
1075,0.9658923272064993
1076,0.0003916153303853605
1077,0.9603593604571601
1078,0.0003918349535985078
1079,0.0034178863541790326
1080,0.9996127117625939
1081,0.9942898223751361
1082,0.9836326272111316
1083,0.008362486680351064
1084,0.40417707805455444
1085,0.999448059474963
1086,0.9998071007923139
1087,0.0027335729516123784
1088,0.9987627063774696
1089,0.998634362816924
1090,0.9989604840163153
1091,0.00039081544890172897
1092,0.0003018432499740288
1093,0.9999179694958159
1094,0.9737627164162673
1095,0.0007002858962129437
1096,0.9621635668388677
1097,0.0002057009577107678
1098,0.0021679091838984034
1099,0.00014029723486294694
1100,0.9809754282244145
1101,0.9929515735873061
1102,0.27623187249329567
1103,0.9998242529040386
1104,0.0010583265429592477
1105,0.9770240531853075
1106,0.02784135708664334
1107,0.01669384447506593
1108,0.9985770161835901
1109,0.007873235370545403
1110,0.9794244333224602
1111,0.08854205626966712
1112,0.004818534337953776
1113,0.9978787772237919
1114,0.0005437860608894927
1115,0.0019401634520776984
1116,0.040889112398881176
1117,0.9996390479147584
1118,0.0064702531577362265
1119,0.43992545212972634
1120,0.9988008092738302
1121,0.9475720240151725
1122,0.9973604381362953
1123,0.9333708321952261
1124,0.033226461742978546
1125,0.9989546356001698
1126,0.3580466734276343
1127,0.36946356192980406
1128,0.9055379556615205
1129,0.9857914771178805
1130,0.0009354983162885971
1131,0.00037516492611873654
1132,0.89108248802752
1133,0.9824117555757951
1134,0.0004213270649482138
1135,0.9699422577771243
1136,0.9230807701050588
1137,0.5455262475466357
1138,0.03896325633481553
1139,0.35709437629496577
1140,0.48234684135062333
1141,0.5193546217693868
1142,0.00015283193563622212
1143,0.9995253382683116
1144,0.0009823743934436907
1145,0.0004896447862801959
1146,0.9987252411010149
1147,0.2668104110660664
1148,0.9985410077527138
1149,0.00037533002073141897
1150,0.9917055988697073
1151,0.9880632442533741
1152,0.9952100963419688
1153,0.0008031471138333616
1154,0.9994290193381851
1155,0.8078485531131828
1156,0.9820456811683936
1157,0.0005116586059188767
1158,0.12882482949630325
1159,0.06510839480403428
1160,0.9994633283834928
1161,0.0014695996345933239
1162,0.001550324072852092
1163,0.9966778647747655
1164,0.0012403336222165415
1165,0.0005110814352243606
1166,0.00018875542285856203
1167,0.0005672506606879585
1168,0.9986941785527726
1169,0.05755545984295439
1170,0.9986355374955238
1171,0.0011144886552545401
1172,0.9994102762830396
1173,0.05939283424927307
1174,0.11721272083197985
1175,0.6417315541663341
1176,0.6683943451960234
1177,0.012963024653097534
1178,0.9589778642969038
1179,0.9989144031240286
1180,0.8914010698489483
1181,0.0002128234296554618
1182,0.26249688741841065
1183,0.9212606441233079
1184,0.9909550401169323
1185,0.9872083213821373
1186,0.001162599034508306
1187,0.06476142529232162
1188,0.9991546202638707
1189,0.9990728985612457
1190,0.9993290413336537
1191,0.06603652072822916
1192,0.9719362398981175
1193,0.8133952579828897
1194,0.4638219122464168
1195,0.7419928441548249
1196,0.9995349023481783
1197,0.0001631103194256606
1198,0.999371041619748
1199,0.13162278977998465
1200,0.0005202751019426789
1201,0.9993104751005789
1202,0.0003689082931907674
1203,0.002479982602162887
1204,0.00020852977331854106
1205,0.9995453214661093
1206,0.9988411994720435
1207,0.11692002004553792
1208,0.9867761055815402
1209,0.002165697305260073
1210,0.7686399702788267
1211,0.024451704836343468
1212,0.0009340670892356217
1213,0.98792989407824
1214,0.00015053846574953985
1215,0.0003574458976848636
1216,0.9988473400003268
1217,0.08279333352091159
1218,0.9989196200638681
1219,0.0027522767743267786
1220,0.31999415275183146
1221,0.5731628019718431
1222,0.9936124672423332
1223,0.9969541489908329
1224,0.9996089553493264
1225,0.19609755215126257
1226,0.00012883490551335018
1227,0.0029669460468690757
1228,0.8951507665308486
1229,0.0059219912376151625
1230,0.04468632724935289
1231,0.9997736279592255
1232,0.5051752526889531
1233,0.013337098965858237
1234,0.0014557544212308589
1235,0.9880668583888277
1236,0.00021614551463000704
1237,0.010560994805384825
1238,0.9977715605502482
1239,0.9992908964297537
1240,0.9992292157584285
1241,0.01706666042319432
1242,0.9855961086336161
1243,0.9985810581736304
1244,0.0003842067494710337
1245,0.018655862515944786
1246,0.1269092394511024
1247,0.9316093688488819
1248,0.00026461565400963795
1249,0.9995577436078114
1250,0.977931227397665
1251,0.9995113906049047
1252,0.9960301034454931
1253,0.9983521226414986
1254,0.000213554465497015
1255,0.10983519742516754
1256,0.1193163553854243
1257,0.0007442585270417394
1258,0.0025382815667119997
1259,0.00014471471930154964
1260,0.02815512429964525
1261,0.9997294592117528
1262,0.950404902767131
1263,0.0005751029557346614
1264,0.9996085300369617
1265,0.0008241944735004821
1266,0.9377234826810166
1267,0.0005646155070556367
1268,0.8893227450286545
1269,0.007486681183352882
1270,0.669873330291116
1271,0.9918284270022811
1272,0.9978461080039828
1273,0.853880178112035
1274,0.0012911550490926282
1275,0.0002083442398489285
1276,0.012859938323834148
1277,0.9949624140939697
1278,0.5293746890026446
1279,0.9920290015806409
1280,0.00025586763511630515
1281,0.008201072509026429
1282,0.9775997017601196
1283,0.9790105642861068
1284,0.002298284416645151
1285,0.00011706224441466376
1286,0.6219512413693754
1287,0.9872760284069959
1288,0.9680461235683886
1289,0.029280214577322987
1290,0.9936397316133871
1291,0.00014505098816410146
1292,0.04503505211198904
1293,0.9995193073499381
1294,0.0019284626581177824
1295,0.0002159849652898892
1296,0.9968111668647353
1297,0.9827187634751883
1298,0.9676821178284122
1299,0.04340667666285052
1300,0.78440457165883
1301,0.00015269323883244302
1302,0.0013307399908511414
1303,0.05902032180164991
1304,0.028036170640816056
1305,0.6414819999109728
1306,0.9532589191847247
1307,0.9990942556887188
1308,0.0016157048523306027
1309,0.9381421410020823
1310,0.09634194241032937
1311,0.14435105048013816
1312,0.0003522131006994414
1313,0.9371341221778008
1314,0.9968733115667637
1315,0.9992131818507879
1316,0.9988036951228755
1317,0.0920517895833254
1318,0.9991835975890524
1319,0.9995173084029709
1320,0.9946431520690181
1321,0.9042727542837709
1322,0.0003941364329753161
1323,0.00045855396635883724
1324,0.8802779940018178
1325,0.039664717868973846
1326,0.1467602536440613
1327,0.9851660560131362
1328,0.017216182924364703
1329,0.9981808340539102
1330,0.015763509392974672
1331,0.006628647352207931
1332,0.9801700377996733
1333,0.6243017584471443
1334,0.000326352485098667
1335,0.00019654285241287782
1336,0.0016322023441335282
1337,0.9966159296060401
1338,0.14242966494174944
1339,0.3547776185415321
1340,0.9990841037135143
1341,0.9996352817885794
1342,0.9994544740779233
1343,0.9843926280460155
1344,0.9973837188507538
1345,0.9982731959084418
1346,0.2173042697694684
1347,0.9995400799942128
1348,0.00580175431767729
1349,0.017826696453702797
1350,0.9995408625757305
1351,0.008024937980133397
1352,0.9996205576271089
1353,0.01735802821336049
1354,0.004228675481360748
1355,0.9652203683569389
1356,0.00045670120907501083
1357,0.9522942829500387
1358,0.9983637817658376
1359,0.999096078470311
1360,0.018362855314552038
1361,0.0014323922370004956
1362,0.9328775488369141
1363,0.9993929609185319
1364,0.9967284239165487
1365,0.6389277521872517
1366,0.30927325857624693
1367,0.9965290887857288
1368,0.004654102367869055
1369,0.7023749459169905
1370,0.9828596820872342
1371,0.9992850033901276
1372,0.9992366103291299
1373,0.0016682104939477337
1374,0.9993784672945054
1375,0.998239442183145
1376,0.0003060329887472136
1377,0.9997836329949361
1378,0.003906500391621841
1379,0.9990344701619535
1380,0.9738975654840973
1381,0.8835073902470495
1382,0.9988508028081419
1383,0.9990925451528295
1384,0.0008062900896405533
1385,0.03992265948975484
1386,0.0019481260537740173
1387,0.9661214889238736
1388,0.9996018185406845
1389,0.9957575403281645
1390,0.00016829924827382433
1391,0.997644454182978
1392,9.858968840362466e-05
1393,0.033512421768528894
1394,0.9816930418500173
1395,0.09092659962175512
1396,0.9988478397573255
1397,0.8347818300794309
1398,0.05636840523959074
1399,0.9993880764416474
1400,0.9968377387008384
1401,0.9948147064274095
1402,0.9891402054900055
1403,0.9986917630068233
1404,0.2247543000976315
1405,0.00010310904670245322
1406,0.9971354716648516
1407,0.9964582724184675
1408,0.14217322424411447
1409,0.0002791313642057207
1410,0.9976298185826827
1411,0.8313640818155228
1412,0.000716675275692796
1413,0.9976949459230885
1414,0.011425380845903586
1415,0.00022709999128945027
1416,0.00013381717771650522
1417,0.9994738218165197
1418,0.0007408458975703994
1419,0.0002993959818730925
1420,0.07392026920323011
1421,0.0019615828596220956
1422,0.00022522687990983044
1423,0.6622701434213001
1424,0.8188878200362683
1425,0.982382018824174
1426,0.9931021709160267
1427,0.003252899178989252
1428,0.005065875559697698
1429,0.9996666468580298
1430,0.0076938407861517925
1431,0.9996995680780948
1432,0.9997446656870295
1433,0.010807558818142353
1434,0.13070150523143823
1435,0.17123897550366282
1436,0.9998473138587926
1437,0.9856478917869275
1438,0.00011153759983738565
1439,0.16406369735838322
1440,0.0073864592988349895
1441,0.9941230833466207
1442,0.9939298389332536
1443,0.9995472601367418
1444,0.9831719614085228
1445,0.9994768045296113
1446,0.7387985347394691
1447,0.00200819149064228
1448,0.020969797980161447
1449,0.9571589229274907
1450,0.05137707265649664
1451,0.9398824897283461
1452,0.9895526887935622
1453,0.07924739359646842
1454,0.9959939404550715
1455,0.000598475908108022
1456,0.0002586844782830284
1457,0.0004617688266260002
1458,0.9241894007272824
1459,0.0006925291539926617
1460,0.9996848202031194
1461,0.0005157245033075218
1462,0.013813930448930001
1463,0.40716418038747454
1464,0.0054006932704046395
1465,0.8349154938669644
1466,0.733203448164007
1467,0.26961080009042915
1468,0.987927521808771
1469,0.9998206850688405
1470,0.9946640603158128
1471,0.9990398821785426
1472,0.9933640851124113
1473,0.0015218296964541556
1474,0.5319484709152289
1475,0.021436969768036735
1476,0.9599481462205023
1477,0.5843930480949419
1478,0.00785098272735227
1479,0.0019783036142667224
1480,0.7752341490565172
1481,0.8771769547605709
1482,0.997426439122838
1483,0.00676037439529857
1484,0.9928681593464908
1485,0.03824280131814194
1486,0.00870372458395229
1487,0.9995537376155754
1488,0.9920514945760904
1489,0.9989930421633197
1490,0.8696901830041832
1491,0.6168589326521331
1492,0.00048729066145754085
1493,0.00026555832915376294
1494,0.06678628768053999
1495,0.003551705292649479
1496,0.020949621119843505
1497,0.9545727525026609
1498,0.0005011855839288209
1499,0.012227289522384147
1500,0.0009614203344080956
1501,0.5343578612590612
1502,0.0012014045768281292
1503,0.0917032618115998
1504,0.0011284833458692794
1505,0.9972659198468021
1506,0.0004097928374702459
1507,0.9710973022489339
1508,0.8258739171197412
1509,0.9960331759233972
1510,0.9614618710572979
1511,0.0006943543675248634
1512,0.07855112811554395
1513,0.9983668726775545
1514,0.9989011227663133
1515,0.0007679842983890972
1516,7.019636833785234e-05
1517,0.9989529444100903
1518,0.003337528424939677
1519,0.8458285366954247
1520,0.9984457689981046
1521,0.9981895217632727
1522,0.35044969726498587
1523,0.9114293447834733
1524,0.7358441075581235
1525,0.9992951416502114
1526,0.9975137899214956
1527,0.9789433791505215
1528,0.9926099425079395
1529,0.9070703380053413
1530,0.00042446792990630743
1531,0.004906388971215565
1532,0.00024771083688306437
1533,0.2660599619156673
1534,0.14938800294106228
1535,0.9993368601906466
1536,0.001348902717060875
1537,0.5024169079984999
1538,0.9966001722440898
1539,0.05439970238443161
1540,0.00032196264034542725
1541,0.035331043519820075
1542,0.003655483293760705
1543,0.0007959313967706428
1544,0.002720007736325155
1545,0.8552047033270548
1546,0.9822834686039207
1547,0.07601471656505028
1548,0.00039240748269863177
1549,0.9962215722866987
1550,0.997466574747962
1551,0.9993419385245249
1552,0.17954091493214375
1553,0.0011683993985064636
1554,0.00017302027282636246
1555,0.8155024193859676
1556,0.9988643612838198
1557,0.9683547957963492
1558,0.0019923620978969745
1559,0.0012167690730043785
1560,0.001580202425865594
1561,0.9970602400521663
1562,0.06324298262668439
1563,0.33369125136996114
1564,0.00041579171097806987
1565,0.5250348504487364
1566,0.9886621235378458
1567,0.003953846066432958
1568,0.7911675875712082
1569,0.9988979051614624
1570,0.9989027340383864
1571,0.9626790759060679
1572,0.0010325634962430976
1573,0.9997961021604851
1574,0.012148911320568999
1575,0.0028514163486457345
1576,0.0012486074181958342
1577,0.9978967890563967
1578,0.003267227717371564
1579,0.11263634567463306
1580,0.0017006266735705823
1581,0.9995054924975293
1582,0.396319146255577
1583,0.495306919273578
1584,0.9380232968058453
1585,0.00027116293167150836
1586,0.9690286155455305
1587,0.9997361129852833
1588,0.9997990684690174
1589,0.9993503744303274
1590,0.004482783136979854
1591,0.9596159865789919
1592,0.9961669576299924
1593,0.002295100209985177
1594,0.0354078057428965
1595,0.004654005930340704
1596,0.9995617196018126
1597,0.043725043464355184
1598,0.1955882178130791
1599,0.9955532985988327
1600,0.8654881232913585
1601,0.0004368502254000153
1602,0.9995480547107625
1603,0.20985755590875685
1604,0.9857267380974375
1605,0.9908453109227534
1606,0.03222875092273624
1607,0.0007724495807798499
1608,0.8277016830021744
1609,0.06406596445998419
1610,0.0004716688541203503
1611,0.9776361002242039
1612,0.049212808402874925
1613,0.9986365441455953
1614,0.9798698042284643
1615,0.0016534925695096431
1616,0.4181171234300658
1617,0.36367462335231016
1618,0.7855502664072481
1619,0.9996319318786269
1620,0.9989489927339161
1621,0.26527349008466083
1622,0.004746404427382715
1623,0.00892003100231023
1624,0.007611990757921816
1625,0.0043167885977160375
1626,0.9990103583838404
1627,0.9323645255030021
1628,0.9990308878238972
1629,0.9956101430219712
1630,0.8548484024557861
1631,0.0004851843347097639
1632,0.0005008075285571926
1633,0.6943973272962783
1634,0.020953644322662605
1635,0.9817491116341067
1636,0.5139362707533229
1637,0.23544124917398812
1638,0.9930496651400845
1639,0.9997567171962175
1640,0.3265750309687074
1641,0.9963834095652433
1642,0.0010762172285272457
1643,0.0017996565615484414
1644,0.964340041794755
1645,0.4807761558771673
1646,0.06874486790409563
1647,0.00033658764724606394
1648,0.9963106288042025
1649,0.0080243734778856
1650,0.9971983543474093
1651,0.10147944124477502
1652,0.1450847028219943
1653,0.0007111748173262133
1654,0.9987890653725121
1655,0.5690138553243778
1656,0.9752345438606616
1657,0.01190815688557301
1658,0.0001606796553563101
1659,0.007258790308612203
1660,0.13881452946024445
1661,0.9989377148132228
1662,0.00033144583066802615
1663,0.9900738278539857
1664,0.00037320701566339237
1665,0.9863552974752456
1666,0.2801275965257411
1667,0.002128942759239103
1668,0.016714558407071145
1669,0.9991827009235578
1670,0.5576457770781073
1671,0.028809405234635786
1672,0.0009894684671157374
1673,0.9978838954948657
1674,0.00488927565684841
1675,0.0003749259630720007
1676,0.0001512108627839156
1677,0.0328992726512101
1678,0.011220007169641694
1679,0.6803633357489136
1680,0.9995376393178458
1681,0.8908058141331727
1682,0.13243393429166783
1683,0.0002915540442338552
1684,0.1789200341604397
1685,0.7691629348551553
1686,0.44708377514175357
1687,0.9989920230252728
1688,0.00023121402725064248
1689,0.031238551336819898
1690,0.0011662364010220246
1691,0.00047510355948150626
1692,0.14636417130535828
1693,0.9743689484922471
1694,0.0005358475009726705
1695,0.9996518135211812
1696,0.01363727024569619
1697,0.9945959974931972
1698,0.008942625279871916
1699,0.0007142818870280062
1700,0.9978252412650096
1701,0.4645131858423711
1702,0.9983119113821748
1703,0.9838822829738668
1704,0.9993319223434364
1705,0.9595157268059334
1706,0.0003615176672467724
1707,0.12869495741111042
1708,0.9967018650933059
1709,0.0010790666441014482
1710,0.030630306450360523
1711,0.0006006783448584699
1712,0.9958523983527443
1713,0.9950199914633613
1714,0.1477417802846433
1715,0.9285863343360463
1716,0.0021627171354944583
1717,0.44133214856200903
1718,0.28336951394779386
1719,0.9988686915497698
1720,0.5931587893442711
1721,0.9999356536401556
1722,0.998358224636671
1723,0.31800746890642745
1724,0.3234288525179806
1725,0.0006442612322866826
1726,0.0012427927683672517
1727,0.8884466628116057
1728,0.4406699656825564
1729,0.00021552458339741916
1730,0.03367317088211538
1731,0.9989192053654766
1732,0.8028808336433094
1733,9.521697591367078e-05
1734,0.9549027474244335
1735,0.9411404115893811
1736,0.9996173175105854
1737,0.03982745121339202
1738,0.99861882712608
1739,0.2182403760359427
1740,0.9988294572076712
1741,0.9973400737331569
1742,0.9944741491883565
1743,0.999464556216152
1744,0.00013352339953348537
1745,0.22512299040087275
1746,0.005127766748901195
1747,0.00033687987582620745
1748,0.0004920043007657796
1749,0.9870545871288898
1750,0.33054041314002486
1751,0.36571808326248334
1752,0.9992479568434167
1753,0.7645283839068672
1754,0.00019451954830165312
1755,0.0006596777254312407
1756,0.5463327111268949
1757,0.994218282513401
1758,0.9994842584080621
1759,0.0001941601656261724
1760,0.9992603898794282
1761,0.99994331849576
1762,0.0007591703159867051
1763,0.003523554240696005
1764,0.04799296109038479
1765,0.9992632165346906
1766,0.00021132370553711885
1767,0.9960287922832066
1768,0.00045350057021257997
1769,0.07758112159820027
1770,0.02454754930271047
1771,0.9591276643524815
1772,0.0002544821907715632
1773,0.9976062543648592
1774,0.9950574735431611
1775,0.9563251809146907
1776,0.9978917396273637
1777,0.9783936657811051
1778,0.5225955973249616
1779,0.006389389231943201
1780,0.9993792385908098
1781,0.9937647156533107
1782,0.007497829919989039
1783,0.9997035549921257
1784,0.0008365094728513927
1785,0.000642182570032389
1786,0.9960875232232458
1787,0.0017387567064582718
1788,0.00015810580643670628
1789,0.9864412417032605
1790,0.7984204142824989
1791,0.00019258774873765803
1792,0.9984388690054153
1793,0.8466436003261237
1794,0.0022850549504976427
1795,0.001074333757200698
1796,0.00012233494755400058
1797,0.9974995889660295
1798,0.0001223152251392302
1799,0.9908735008525827
1800,0.9956642498677662
1801,0.9888461736153483
1802,0.018277666068552318
1803,0.9997800604255144
1804,0.948704468983336
1805,0.002728932606980626
1806,0.9985818829819686
1807,0.8050996024349742
1808,0.0008179304058343771
1809,8.667882817444573e-05
1810,0.1878152560477672
1811,0.9998347111344809
1812,0.8091868395190266
1813,0.35149846830566134
1814,0.999135252951236
1815,0.9992122800413711
1816,0.056241357125178505
1817,0.9989779726400007
1818,0.9649136398716788
1819,0.9979845534396647
1820,0.00039772168610395465
1821,0.06155303048094655
1822,0.007029698647722344
1823,0.9976907892948563
1824,0.11103093573866024
1825,0.9989544678796463
1826,0.9972752749073948
1827,0.9937756619577821
1828,0.9078704882666111
1829,0.00033491551067506216
1830,0.9961927857815569
1831,0.998747810908408
1832,0.998167862363894
1833,0.9992085585580336
1834,0.005106698262935551
1835,0.9995580659382709
1836,0.9987666882599543
1837,0.009902152480734734
1838,0.0026728234448492524
1839,0.04879666898380434
1840,0.9978587707589305
1841,0.9991840005660881
1842,0.9518225455180979
1843,0.9939226389441601
1844,0.012161897617246132
1845,0.0120063394161163
1846,0.9995235850991213
1847,0.3482018988141033
1848,0.021547725977875097
1849,0.6606503246893146
1850,0.794719351644693
1851,0.0027885929625331893
1852,0.0007041862792066963
1853,0.9994772418296507
1854,0.0005209119525122248
1855,0.9909760305962118
1856,0.00407109141978567
1857,0.9990571141174652
1858,0.9803673777350117
1859,0.8650490713860703
1860,0.9996835235670466
1861,0.01970077581580105
1862,0.5053369473807504
1863,0.5159561699221455
1864,0.28786151200594273
1865,0.004006455219560182
1866,0.0004235150127855126
1867,0.006576835137334093
1868,0.004291808587521825
1869,0.9700388857801697
1870,0.006410270890771252
1871,0.9992295849235726
1872,0.25516808712179034
1873,0.03580260701692184
1874,0.9931944110069004
1875,0.9766018854987049
1876,0.013710166588330321
1877,0.9943064294859751
1878,0.9992184075133416
1879,0.6426092930631682
1880,0.006061685158175889
1881,0.07115047048995043
1882,0.996151344493242
1883,0.9385010126416076
1884,0.00038866202480095986
1885,0.8383506372606067
1886,0.7692912558553838
1887,0.9994974986286805
1888,0.9877134668440882
1889,0.9995744318518702
1890,0.011459300231500887
1891,0.0378228424123093
1892,0.05012755307044648
1893,0.9710429626674227
1894,0.076944728625212
1895,0.9993406732529411
1896,0.0028058811134082933
1897,0.9913658543552087
1898,0.9932818358172929
1899,0.9993948164763412
1900,0.9774154469318409
1901,0.9817348958810262
1902,0.0858818705714552
1903,0.0003258138449716043
1904,0.997965878758082
1905,0.9842887019907661
1906,0.5052110247904201
1907,0.04063937792696981
1908,0.8829025409547707
1909,0.9772168534492879
1910,0.017421068775556384
1911,0.03315005426372469
1912,0.17988004922333473
1913,0.12872778435465
1914,0.9925695552275112
1915,0.001178836243150422
1916,0.020235177048709748
1917,0.8901352355254095
1918,0.9982588270289297
1919,0.9970411930250919
1920,0.010741582832404522
1921,0.0002672595415888316
1922,0.0038564472524598116
1923,0.9993575349194084
1924,0.8840238694544992
1925,0.0007627237169331937
1926,0.0002031690637895994
1927,0.9996523230196379
1928,0.0018927415693027365
1929,0.9900050174739641
1930,0.990564856077033
1931,0.034403483158870214
1932,0.9033002548075934
1933,0.9982392455710435
1934,0.9993484643595217
1935,0.9752160020815959
1936,0.00014402243138386211
1937,0.9982309880131807
1938,0.0007616309492285441
1939,0.008572783548516615
1940,0.05500601975565524
1941,0.07542613038312998
1942,0.9766931339492807
1943,0.9993683257428916
1944,0.9984897306174089
1945,0.9988254458975941
1946,0.9908346828392949
1947,0.27434940817676945
1948,0.014322638019983916
1949,0.0006310076228798009
1950,0.9993733320429089
1951,0.9998430257283409
1952,0.9982076246552558
1953,0.9942297540333624
1954,0.04585979177761183
1955,0.984013440017526
1956,0.9755777511364113
1957,0.00016107934146249544
1958,0.9708415946740186
1959,0.6072348762650138
1960,0.9960888440724732
1961,0.8137209180611178
1962,0.0027686300788556
1963,0.0041592436424261765
1964,0.9981602917448232
1965,0.0004860231125823737
1966,0.999647644282255
1967,0.33822814849056143
1968,0.8930865806942825
1969,0.997827276264174
1970,0.7429556030862777
1971,0.25180274135496605
1972,0.04449036170283981
1973,0.6321945187875543
1974,0.000727874968240862
1975,0.07401062581466361
1976,0.9693205212417064
1977,0.9994095989000817
1978,0.006755694358961616
1979,0.001390211901881612
1980,0.10472893390908691
1981,0.9995233839146392
1982,0.0003129050178665521
1983,0.6872844255427767
1984,0.9979775432450518
1985,0.9970833047489169
1986,0.01478487385550173
1987,0.9995403642877914
1988,0.9970971911696228
1989,0.0010815369619628307
1990,0.698089791390903
1991,0.9167033629888042
1992,0.9997200108084735
1993,0.22818659039389724
1994,0.06655822736010933
1995,0.6136817136566838
1996,0.00041783192241871977
1997,0.00022413169194668146
1998,0.9982339458361312
1999,0.016099129459936187
2000,0.04142096460207245
2001,0.9993369321846568
2002,0.004578652948228495
2003,0.22743549903643887
2004,0.9304822471051164
2005,0.3635445899265515
2006,0.0002627107033881394
2007,0.9962884808616559
2008,0.9200951901703502
2009,0.05198766407504336
2010,0.9995539318279987
2011,0.9472600526147338
2012,0.9979637543187891
2013,0.0011286933792786615
2014,0.07603867824608011
2015,0.003755359230011157
2016,0.0015018543158335277
2017,0.9994031592387495
2018,0.0006338498881275033
2019,0.7875341902263552
2020,0.9949876943279131
2021,0.00016536004623719336
2022,0.00019900595929226128
2023,0.9025191248438724
2024,0.0005904970512771732
2025,0.00010259414497037144
2026,0.7332159530755088
2027,0.9923365516531659
2028,0.999421661860533
2029,0.9997245566723354
2030,0.5320094119601473
2031,0.9973662338802287
2032,0.0007501359690091299
2033,0.007204382042943801
2034,0.0003137345726652394
2035,0.9672623654639335
2036,0.9996865166141723
2037,0.000782337946034394
2038,0.3495768737247532
2039,0.0028875235925482573
2040,0.4052345357376022
2041,0.990009105882158
2042,0.0013948607998094209
2043,0.0004907667499566149
2044,0.9991151185954351
2045,0.7012351694801127
2046,0.00012410464950750685
2047,0.9699990913643265
2048,0.9960067951553525
2049,0.06619961393977297
2050,0.8597325950830449
2051,0.9239428231642848
2052,0.998050537856073
2053,0.9614177088246136
2054,0.000850020550426886
2055,0.07752206552878452
2056,0.0002908651350998675
2057,0.9483098546361095
2058,0.9934036405409649
2059,0.03133317132797511
2060,0.04894605907081745
2061,0.020827329540450346
2062,0.0007733561863568124
2063,0.0007351508841822735
2064,0.00019720812211331847
2065,0.010389422661754005
2066,0.004371449183170622
2067,0.0022892339409150645
2068,0.9996763718819355
2069,0.9995954491731207
2070,0.0007285758390196313
2071,0.0038000287008714486
2072,0.024247166936276328
2073,0.998529418699816
2074,0.0015995706123315588
2075,0.0006978567074158135
2076,0.9986867386288976
2077,0.9995576542022337
2078,0.00023937876371416675
2079,0.9910617452428868
2080,0.0004333474809327853
2081,0.09252046493269118
2082,0.9976233070185067
2083,0.9885683199231521
2084,0.0008435093331726808
2085,0.9991240844237046
2086,0.0009805733738140364
2087,0.9992373096912273
2088,0.0017118808504620637
2089,0.2773510777199377
2090,0.001864614283211421
2091,0.99956608535746
2092,0.3896161538114146
2093,0.9982061250337618
2094,0.9926614220564316
2095,0.8676808673779914
2096,0.00041478254449605554
2097,0.9987849905632589
2098,0.8913361917827235
2099,0.9992289386487826
2100,0.9984849389864988
2101,0.0015040333819751539
2102,0.999385185280713
2103,0.9994764901793202
2104,0.08047515191993618
2105,0.7700876459358638
2106,0.35834737576092823
2107,0.5118701742589339
2108,0.997387916549888
2109,0.0015976295505580025
2110,0.9815968877462615
2111,0.9998242552783302
2112,0.9995807922837472
2113,0.00044360397416140447
2114,0.4767144317604986
2115,0.9968046824246388
2116,0.23097034931717506
2117,0.00988323842870215
2118,0.0007297445988644697
2119,0.999758160808429
2120,0.8457702557655259
2121,0.9994867788749748
2122,0.9844012805564503
2123,0.9993599704575319
2124,0.0005235433178721837
2125,0.845697043886485
2126,0.9842516537066692
2127,0.009647632326770246
2128,0.953913109895462
2129,0.0003658801180084887
2130,0.028085824657710336
2131,0.09681742344718904
2132,0.99822131538369
2133,0.06046011588646136
2134,0.9690085844473586
2135,0.8298044290103669
2136,0.18241421427725737
2137,0.01603443847356203
2138,0.0030623484280828503
2139,0.0010982417904775489
2140,0.9976093240997485
2141,0.9998587758033809
2142,0.9997528207788295
2143,0.9886453817744121
2144,0.04731478833599275
2145,0.9964844251478341
2146,0.0003596181848949998
2147,0.9474161207050118
2148,0.0014149505759178235
2149,0.0011653443435075503
2150,0.0006511054832830019
2151,0.21559508461460777
2152,0.8035516766711278
2153,0.0012510618640061007
2154,0.001019987709258291
2155,0.0014437289346336233
2156,0.07688889055027179
2157,0.7781408119854882
2158,0.0007166774507973194
2159,0.0004971746282938219
2160,0.9976150491161345
2161,0.9989983802703547
2162,0.9979342740689335
2163,0.005478444711771239
2164,0.0676560691020816
2165,0.9756058120103642
2166,0.9978821031735011
2167,0.8739693570326343
2168,0.1894677411789858
2169,0.9956156579798375
2170,0.9984407849475666
2171,0.00026466828429152963
2172,0.03936341699456388
2173,0.9990906602129223
2174,0.5920777573409894
2175,0.8834701595186508
2176,0.0009040585617363081
2177,0.0460286404972262
2178,0.4153184687534593
2179,0.9933719605660095
2180,0.9953421558089703
2181,0.012087474589499367
2182,0.990524701552992
2183,0.9703556302858256
2184,0.00016281641417803563
2185,0.9262252548627212
2186,0.9991465233502297
2187,0.024026220529975106
2188,0.2412117535296021
2189,0.9964204769523638
2190,0.00022172013911485615
2191,0.7457269248648181
2192,0.9452198943139641
2193,0.0011275019590834766
2194,0.0007680874569775593
2195,0.14708345053680974
2196,0.621510629971625
2197,0.9770513590992137
2198,0.9990774923545209
2199,0.00040500489787215823
2200,0.9349389161677865
2201,0.9987246803537261
2202,0.03548085879727493
2203,0.0009663768313333203
2204,0.982930742472314
2205,0.3153510510701602
2206,0.9978106411741584
2207,0.9998044083261599
2208,0.004924400514668804
2209,0.9878056437192801
2210,0.010199116723698536
2211,0.0001954015517232243
2212,0.614682554115999
2213,0.9898308666765618
2214,0.9299872018166789
2215,0.9975845971670569
2216,0.8943114442359406
2217,0.5736234951139422
2218,0.014964536477998705
2219,0.9680609219086489
2220,0.0037478280576007986
2221,0.9997135555733558
2222,0.9997379602717166
2223,0.9988047181654041
2224,0.0003917315762081406
2225,0.9880629186603429
2226,0.9997933147591219
2227,0.9828958625489785
2228,0.9491574101984651
2229,0.9991031151086078
2230,0.03393236675188882
2231,0.000714898145740299
2232,0.0008236791255564513
2233,0.9981233668460441
2234,0.002176554188381001
2235,0.15254392758957047
2236,0.07790758179996202
2237,0.03765931219442545
2238,0.045872286886400646
2239,0.9988304561676051
2240,0.24674984874213882
2241,0.008595270125937271
2242,0.9490993981537971
2243,0.2843556286054311
2244,0.004318410062121884
2245,0.00021391473791428585
2246,0.28839391539425163
2247,0.5008335506677586
2248,0.9995938940009998
2249,0.00032808357480423276
2250,0.9996072232985251
2251,0.9994869822943242
2252,0.9898770269281684
2253,0.9983198576146427
2254,0.0006129545964075344
2255,0.00145078724181576
2256,0.9989241491515979
2257,0.998822288549768
2258,0.9777359873605685
2259,0.47545630110759846
2260,0.016373655290613808
2261,0.5721500664114222
2262,0.0008409173781030598
2263,0.001383390003102765
2264,0.9715039399504692
2265,0.0003066648207292366
2266,0.00017107176544919463
2267,0.9995528967750726
2268,0.9985318154179113
2269,0.9990263350819869
2270,0.9934694147146613
2271,0.0006589096771145755
2272,0.995478436936594
2273,0.9995778599447376
2274,0.8691087243914578
2275,0.32991534045913756
2276,0.7493899267586114
2277,0.9995136326133659
2278,0.033339998254324064
2279,0.005574105069204904
2280,0.00018282924628964986
2281,0.997102204482956
2282,0.013765771707544698
2283,0.9970284175206836
2284,0.8737693303282663
2285,0.9591655990817582
2286,0.025903576542428218
2287,0.9997716256834841
2288,0.0002888546905741373
2289,0.0006397434800430504
2290,0.9998817910324069
2291,0.0004136067210002421
2292,0.9947758112787431
2293,0.9961258834565192
2294,0.002794196417164677
2295,0.9993736068033149
2296,0.9986952268712379
2297,0.9874228430142089
2298,0.9970606976466111
2299,0.997627212389893
2300,0.02506630287496749
2301,0.0004639461753079991
2302,0.0065050623671609065
2303,0.9992164072748904
2304,0.9735504001118865
2305,0.07065506324226879
2306,0.8958204695227806
2307,0.9996543372347512
2308,0.9994920730043768
2309,0.999838726051234
2310,0.7619118361229312
2311,0.022597880601745324
2312,0.635746685457032
2313,0.9988253743494357
2314,0.30408016477166677
2315,0.00021141873847695412
2316,0.033067916019728416
2317,0.9081049236304508
2318,0.0006255508334028587
2319,0.0018629981750720604
2320,0.9670120503626957
2321,0.99879694321286
2322,0.9992796831106334
2323,0.11293188130060772
2324,0.537001917144406
2325,0.577850972548111
2326,0.9991534268964369
2327,0.9766566531377731
2328,0.00024119630371717828
2329,0.0004085305641690164
2330,0.02850987533546365
2331,0.9970378302503448
2332,0.9860597468728635
2333,0.0004102086877963349
2334,0.9920524571133287
2335,0.996273762590142
2336,0.9210269791136937
2337,0.9643715425634826
2338,0.9996643683241869
2339,0.0012346153158528305
2340,0.9999246618630909
2341,0.7545793669629494
2342,0.0071739473266075274
2343,0.8542893141217681
2344,0.0006544166400102924
2345,0.7471128606301602
2346,0.7433093791331461
2347,0.9914761567302194
2348,0.9974782252589545
2349,0.005268502256689564
2350,0.9985009926281515
2351,0.016429391113741327
2352,0.9997121579679569
2353,0.9009598522140359
2354,0.8315770576618077
2355,0.005152388313558082
2356,0.04435460177916399
2357,0.9591140278339283
2358,0.0010938528377468536
2359,0.9966956731596563
2360,0.9986865205053463
2361,0.9983500238601595
2362,0.40196232852433766
2363,0.9940638099848877
2364,0.9997854800718956
2365,0.9554917884569927
2366,0.0028383149755290514
2367,0.5268603448107454
2368,0.00017690468406518592
2369,0.9990974163479229
2370,0.0032042555104768973
2371,0.9847990633517256
2372,0.9996921500998738
2373,0.017788663375932504
2374,0.3082996197219402
2375,0.28556745451585036
2376,0.9967237549654373
2377,0.9675273581535705
2378,0.0023463149995403528
2379,0.00730971806327055
2380,0.0031718462399127146
2381,0.9967997706404562
2382,0.928502652853922
2383,0.07448461097040589
2384,0.997321530139113
2385,0.013073307900200917
2386,0.0005662887585654182
2387,0.9962152516079339
2388,0.9953718353113652
2389,0.3680393768631955
2390,0.7706799013907718
2391,0.17741716067444682
2392,0.0004062037445269478
2393,0.777936426756743
2394,0.0006613401540639734
2395,0.383078268471347
2396,0.47192952420180145
2397,0.9651361999624083
2398,0.9979899967996231
2399,0.9989260120994122
2400,0.9993934947920561
2401,0.9227637696627213
2402,0.0012328214884636903
2403,0.003959151881961463
2404,0.4490084610779945
2405,0.0005061302299543039
2406,0.9982417078005772
2407,0.0008167219457303633
2408,0.003589702146890909
2409,0.4135301329057897
2410,0.0001335879540371324
2411,0.719693407344781
2412,0.9982298372472234
2413,0.9997468230862406
2414,0.8392784284311766
2415,0.9903113890213119
2416,0.2462918152263641
2417,0.9977873606712002
2418,0.00025646655265909737
2419,0.36307242349637703
2420,0.0815718497503108
2421,0.02021027946397181
2422,0.9919899583084676
2423,0.10403138407053353
2424,0.00028359834555643967
2425,0.0011283401584333316
2426,0.0012023126978914945
2427,0.2127016719553123
2428,0.0008469791641043086
2429,0.010345151222406698
2430,0.632728256980026
2431,0.000992350260062365
2432,0.0001773368097853615
2433,0.9994218273373495
2434,0.3348725536460332
2435,0.9239577284471452
2436,0.0031282513654605007
2437,0.9996575814376176
2438,0.00044319297311747177
2439,0.47510374214896756
2440,0.9805093094147431
2441,0.0007492153642468308
2442,0.9990092103337204
2443,0.9980769899792573
2444,0.9484593269868036
2445,0.9968529946340166
2446,0.00018967019799325248
2447,0.0008889094823977804
2448,0.9911245007959667
2449,0.0053667980941539935
2450,0.9823020082831121
2451,0.6626423858972185
2452,0.002779180371304154
2453,0.9991148552851671
2454,0.062256864598855106
2455,0.9976236160649807
2456,0.024807311801083205
2457,0.998059236524427
2458,0.36247274644698085
2459,0.8889242070139678
2460,0.9989218032124908
2461,0.0010088062474385132
2462,0.8263482276551514
2463,0.02758514061709197
2464,0.6840614991042466
2465,0.9932339440595818
2466,0.0018897835768242838
2467,0.9872496105832855
2468,0.004418216567135834
2469,0.00021647428124609293
2470,0.00015213102535063572
2471,0.04281454388761445
2472,0.9983616037253281
2473,0.9931381903963145
2474,0.9998016271879887
2475,0.0171038350642528
2476,0.9978383369232129
2477,0.0003043682393619824
2478,0.005493702007577127
2479,0.9893943886302388
2480,0.9977444185428963
2481,0.11041526636755872
2482,0.9978643954242118
2483,0.9935293448001418
2484,0.9849843571766425
2485,0.9997356557066402
2486,0.0022803222474518507
2487,0.05274172525922854
2488,0.0005328132799554145
2489,0.7191241226751383
2490,0.9997011026406555
2491,0.597592213757712
2492,0.9961128671162587
2493,0.00018585653471287747
2494,0.5478747598799352
2495,0.017266407425459745
2496,0.9093714747988574
2497,0.0004914133846063795
2498,0.1754805879386573
2499,0.9849935022305631
2500,0.350863165497352
2501,0.9992712132771489
2502,0.9996301597986904
2503,0.959605646724772
2504,0.001659714893382766
2505,0.0007789603073972836
2506,0.0002403840427142872
2507,0.9983380977015127
2508,0.2528624101014858
2509,0.06713974781138793
2510,0.0006813734859325902
2511,0.9998234278435371
2512,0.024392020875673263
2513,0.9961878276507631
2514,0.9994671672845673
2515,0.9988921605216673
2516,0.00017869363367230216
2517,0.005167134594615346
2518,0.0001431107347799556
2519,0.0018040131390694308
2520,0.9960131483726378
2521,0.08601188520505153
2522,0.9986836365894614
2523,0.9774407423396966
2524,0.011120183808319264
2525,0.9986393917389635
2526,0.9997068673391005
2527,0.9997949100829812
2528,0.00045567093767834267
2529,0.9543689135116183
2530,0.03787601415187908
2531,0.0016637357434236728
2532,0.9984641955222092
2533,0.00012332417796910353
2534,0.9987794799541625
2535,0.7132867624154522
2536,0.9871230457720929
2537,0.8790894647830633
2538,0.9845406653703743
2539,0.9979684476739641
2540,0.9333682175692618
2541,0.22126489838137162
2542,0.998518840690832
2543,0.9998832651855643
2544,0.9908848605007375
2545,0.005959769897162763
2546,0.9997880564354042
2547,0.00024266461267133133
2548,0.01087588816106754
2549,0.9829518676153757
2550,0.1890129367403355
2551,0.9867301409386169
2552,0.998915483732146
2553,0.9398724772832716
2554,0.9995241619492645
2555,0.00010342499265878509
2556,0.9344170367266778
2557,0.00017972761131433322
2558,0.0021960238034760314
2559,0.09153130898552019
2560,0.0005914897401978783
2561,0.9949442304627737
2562,0.9066609337682514
2563,0.0011791756479427476
2564,0.9977033344534527
2565,0.9157953419987913
2566,0.9749267524285601
2567,0.8936492950272908
2568,0.9993635213680393
2569,0.999578281558897
2570,0.9993050556813542
2571,0.9393422129932233
2572,0.0238764260671747
2573,0.21808093897490036
2574,0.003717360441867226
2575,0.3761799654480132
2576,0.9995776561837196
2577,0.0003900368152555893
2578,0.001903045597715015
2579,0.9987739423758849
2580,0.9986226320033247
2581,0.9976991842885833
2582,0.9994924427873914
2583,0.187720575459265
2584,0.0057647518918602335
2585,0.9872533691516121
2586,0.002444502205244022
2587,0.00032457179042265935
2588,0.00018488653762556838
2589,0.11155067080935614
2590,0.9988002032264468
2591,0.00040455737485381357
2592,0.9982398100177879
2593,0.005505051653663918
2594,0.014763692325503562
2595,0.49456786269177755
2596,0.031335502107313846
2597,0.42239304868922634
2598,0.9972522278040182
2599,0.9998944362213515
2600,0.44977008884189157
2601,0.9989723931590164
2602,0.9974211015383276
2603,0.015383982196689452
2604,0.9113901115040324
2605,0.9799734366145632
2606,0.6652027188804761
2607,0.0011032333834175892
2608,0.10966998974098335
2609,0.007118756878609945
2610,0.9922728286053918
2611,0.046541138663636045
2612,0.00110730530979902
2613,0.9981023442317253
2614,0.004679392419826819
2615,0.9997029069618659
2616,0.9278688383157734
2617,0.99971382331141
2618,0.07285483538980776
2619,0.000853178337656489
2620,0.0010496075356856947
2621,0.0007132324809967805
2622,0.15629515195510402
2623,0.00028254301627301956
2624,0.1733960800445357
2625,0.9847225648133413
2626,0.945823021339684
2627,0.9966543722398022
2628,0.0005643077683695303
2629,0.9963732532194006
2630,0.998365205727505
2631,0.9697374046327717
2632,0.00015085714037441758
2633,0.9981473900173224
2634,0.0015260421426442343
2635,0.018274637219204443
2636,0.0010271071910182275
2637,0.0009002638961327612
2638,0.9726819435597992
2639,0.993024765971033
2640,0.0009484808478681215
2641,0.983119118217531
2642,0.9891493271397988
2643,0.8526139757555532
2644,0.012478727775557103
2645,0.99848054829903
2646,0.001202230252167359
2647,0.9554569715826186
2648,0.001010578231767052
2649,0.9997932043356391
2650,0.0001251045293596512
2651,0.9937472055620995
2652,0.9989866778845938
2653,0.9994062334021226
2654,0.9995881651408656
2655,0.06656618584956098
2656,0.0004989383934665952
2657,0.37514190150294296
2658,0.0003599833956527165
2659,0.9982309499028513
2660,0.9975191747246612
2661,0.9980750444397742
2662,0.24823135459657003
2663,0.00030880916896329946
2664,0.00016348946787332153
2665,0.26308916049885234
2666,0.0002805842488791342
2667,0.37895224937953725
2668,0.9997529503953008
2669,0.9829699218681586
2670,0.8543207261972319
2671,0.04909350280976879
2672,0.0011386911714389913
2673,0.9998927298143782
2674,0.0038539454304753386
2675,0.9004904472754126
2676,0.987656626276889
2677,0.0004908047932896515
2678,0.9838123769227068
2679,0.07733549825033463
2680,0.9995781593099147
2681,0.31716688885304334
2682,0.6573639141059744
2683,0.9996408143652417
2684,0.09787802717127876
2685,0.0017486134637273135
2686,0.9992579849275908
2687,0.9786455244254675
2688,0.6752325568128703
2689,0.0029664320098993792
2690,0.001142743568267199
2691,0.9766362107861151
2692,0.9841971359821572
2693,0.9949253935693545
2694,0.000502870185587757
2695,0.9952517982439182
2696,0.260511908634187
2697,0.8249980895342782
2698,0.000663512163741721
2699,0.7582610487374661
2700,0.9990956648113138
2701,0.9970171851152815
2702,0.028268467305853494
2703,0.002578263539800284
2704,0.0011247277126538182
2705,0.017733715490553147
2706,0.1833020763842815
2707,0.0003848136041238365
2708,0.9994628327672402
2709,0.9986281282215287
2710,0.4148353413570074
2711,0.9964940351386462
2712,0.9986985984008638
2713,0.15621954551730044
2714,0.0007787779210600623
2715,0.0013021405613529839
2716,0.0006744814070708928
2717,0.999583520893345
2718,0.022764430331137855
2719,0.9971656653232943
2720,0.9976314564414035
2721,0.9976391346305002
2722,0.0004100168806996354
2723,0.9972335759507631
2724,0.0015563499678040349
2725,0.9496717020150368
2726,0.0003259090609975444
2727,0.9918932650362657
2728,0.001994434864538301
2729,0.002783136975706556
2730,0.9963318935586734
2731,0.7473712965221058
2732,0.9913898924495734
2733,0.9916560136901612
2734,0.9978618235383391
2735,0.0006277242975510146
2736,0.0009398178096182112
2737,0.9838341768315172
2738,0.9977350350533255
2739,0.021419645918122444
2740,0.0015577181674361028
2741,0.9989241569507824
2742,0.730709616203702
2743,0.7056598863459054
2744,0.6120522636485956
2745,0.49468808879018167
2746,0.010228983807858905
2747,0.0012598348072737694
2748,0.05722234072776549
2749,0.9734226732613678
2750,0.9859631601831225
2751,0.4783321010953921
2752,0.0010634950270919318
2753,0.4495580224193771
2754,0.8220764601971368
2755,0.0010823719551604153
2756,0.9958845976474642
2757,0.0006721880566403588
2758,0.00036617838947111117
2759,0.9995562200984498
2760,0.793870525127128
2761,0.9770130873850056
2762,0.9962727755595108
2763,0.9998306796565024
2764,0.013272211867584212
2765,0.007318611680770653
2766,0.0011350535079843696
2767,9.874426098901638e-05
2768,0.016549816698093425
2769,0.997070242629152
2770,0.9928854025027529
2771,0.9884407201110005
2772,0.4426294641544003
2773,0.0007623338464035657
2774,0.7125463776198994
2775,0.9962524170279616
2776,0.0001328082873638471
2777,0.9373267905685948
2778,0.8513459608696244
2779,0.00080178704357401
2780,0.9590846059282254
2781,0.012316011611643354
2782,0.6765915359476306
2783,0.0002933723201920291
2784,0.01824407734897663
2785,0.9044475615814951
2786,0.011613244929849727
2787,0.004090826637840716
2788,0.45908891805298246
2789,0.00044443285374572
2790,0.00010038622840509633
2791,0.5182086692306063
2792,0.9885945908789351
2793,0.08410998102352164
2794,0.0013255098945041657
2795,0.928187890665636
2796,0.7585750495496172
2797,0.9998227204658916
2798,0.999410865603399
2799,0.001446774174118365
2800,0.37132644027395834
2801,0.2286646952498436
2802,0.01209122395675643
2803,0.014165515847304817
2804,0.9830108570740343
2805,0.9993280756446569
2806,0.00013063316621135878
2807,0.9198066691678621
2808,0.9973861433942381
2809,0.22697898599749675
2810,0.9889723158213617
2811,0.000920065577470791
2812,0.6640290296729023
2813,0.004135848872450202
2814,0.868426989151979
2815,0.9976975464994059
2816,0.42536827184305437
2817,0.6746108670365203
2818,0.5100815013419554
2819,0.9835256950502814
2820,0.03589707293750598
2821,0.0010834439516448772
2822,0.9980260965829814
2823,0.03864751492212495
2824,0.9951683793713835
2825,0.8638563624403481
2826,0.0003368556325866617
2827,0.11765923752029377
2828,0.9941210932982486
2829,0.0003692593212442594
2830,0.9998713445941272
2831,0.003665976301171166
2832,0.01620338559043472
2833,0.8347674499512864
2834,0.00044750818523510736
2835,0.3248172649473916
2836,0.9992091386953756
2837,0.0470261587282982
2838,0.8555317706577398
2839,0.0004255951922723205
2840,0.0013645588904056696
2841,0.9941047464093844
2842,0.0026098642346004592
2843,0.00034301398509200165
2844,0.9990077281056203
2845,0.39937480765199396
2846,0.9949236313926406
2847,0.0006195596089424244
2848,0.07878488377380805
2849,0.023904313788233954
2850,0.3848900402628415
2851,0.0007417258018178706
2852,0.01825899527401683
2853,0.9986499161851479
2854,0.9937948689549478
2855,0.4062056637814545
2856,0.000141690767732063
2857,0.00036904033094595543
2858,0.12885016412345518
2859,0.7724109444703311
2860,0.530344049126933
2861,0.48912350620255124
2862,0.999427173420811
2863,0.0011384353652455384
2864,0.9979112521995195
2865,0.9997898861555133
2866,0.7290984293598015
2867,0.9995954067269603
2868,0.0028684052100979417
2869,0.9875794726641455
2870,0.9986617677633914
2871,0.9995015477018356
2872,0.0006523886721615
2873,0.9999327326257224
2874,0.0018075702785754454
2875,0.9455983186953321
2876,0.998315546742454
2877,0.9524867125478856
2878,0.0005509743717579925
2879,0.07453535031727843
2880,0.6611615311865481
2881,0.0007726549775738233
2882,0.00024073722537793196
2883,0.846901134051688
2884,0.0004006656552393822
2885,0.07317196553906856
2886,0.9553512048519668
2887,0.9995466086877367
2888,0.008185699522917636
2889,0.9993643219507521
2890,0.9914994894610446
2891,0.37004696598890097
2892,0.9988430701209483
2893,0.00012203179870013486
2894,0.9994498627305464
2895,0.07216138393161631
2896,0.9738186331544799
2897,0.999871782188661
2898,0.000786185453375676
2899,0.9995781331305642
2900,0.9729077219264336
2901,0.9063950443665862
2902,0.9600797136518844
2903,0.0005426854686542045
2904,0.9766021488686434
2905,0.03966209842152527
2906,0.0655562022724892
2907,0.9983966430998149
2908,0.07343308059861171
2909,0.0005284713951159339
2910,0.9940849475150929
2911,0.0022345357678315056
2912,0.002495864918520335
2913,0.007723564979423103
2914,0.9032356558436115
2915,0.026317104399057156
2916,0.41168695337576294
2917,0.9897839237705333
2918,0.9996323485749585
2919,0.9988830184276819
2920,0.9998687141632606
2921,0.9999137855516775
2922,0.9998609713076105
2923,0.0003378197070245792
2924,0.9996584944638439
2925,0.9494809481950717
2926,0.9995613344315541
2927,0.10919457617347864
2928,0.9982350272594893
2929,0.998721201812225
2930,0.9942694275368757
2931,0.9992876297581652
2932,0.9995463995297208
2933,0.9984603467132955
2934,0.7345707167011275
2935,0.20406561806065127
2936,0.0002395122752058355
2937,0.9993256242717657
2938,0.012644480964993352
2939,0.9928857486759254
2940,0.9970635258245503
2941,0.9986090312254214
2942,0.18333742008134196
2943,0.8906685346775782
2944,0.0001687218727583707
2945,0.009163321003627782
2946,0.7735532896399484
2947,0.9979626481080158
2948,0.9991372876095931
2949,0.005750710928938418
2950,0.9991756258673178
2951,0.9994168784553902
2952,0.0004903645806050144
2953,0.9972876392444677
2954,0.6211060526129852
2955,0.9977386456992469
2956,0.5088834533432237
2957,0.0022504720343488934
2958,0.9829494966155414
2959,0.999278017694853
2960,0.8783500787425047
2961,0.0013520514981950182
2962,0.0009343322114431207
2963,0.8044015668160738
2964,0.9997602062757242
2965,0.0005937613337026987
2966,0.00232975604147173
2967,0.9986208260402143
2968,0.7902034141305326
2969,0.8684436848290585
2970,0.9995004918605557
2971,0.9989536760182244
2972,0.42119103375462885
2973,0.8336021958097045
2974,0.994717850927402
2975,0.9991914642500974
2976,0.9994213590341888
2977,0.6751076138067329
2978,0.9997469929502487
2979,0.9997739653100784
2980,0.0001908046652806602
2981,0.00031844480886793154
2982,0.0008060233566846015
2983,0.009424566123777768
2984,0.9974345343409625
2985,0.4996119873704079
2986,0.36254867627263754
2987,0.9937984013531099
2988,0.04935847759865002
2989,0.00014250266568337116
2990,0.0008840848419074813
2991,0.9993116822025463
2992,0.0005285920603189085
2993,0.3754512445950172
2994,0.0011989649182130658
2995,0.9968214168330903
2996,0.2682479453738224
2997,0.9913349610818477
2998,0.0007745033588541897
2999,0.1731369293913937
3000,0.00023126744938835626
3001,0.00031934069449830916
3002,0.7021933062625236
3003,0.9840552312909252
3004,0.9825639506645636
3005,0.9994435998625715
3006,0.9997320900972114
3007,0.0014918151532547106
3008,0.9997395248823743
3009,0.9029338057467989
3010,0.8698387706053177
3011,0.010339229235000517
3012,0.005343211971482434
3013,0.03161043490683812
3014,0.9175949254179818
3015,0.00041051036160450865
3016,0.00023372139413974796
3017,0.0004793778503738473
3018,0.9947087003038041
3019,0.9991523525688338
3020,0.9942268366224473
3021,0.9961625579364404
3022,0.1600471612582387
3023,0.05528311712461749
3024,0.00032431938889269924
3025,0.0005734531137415367
3026,0.00027880634115116606
3027,0.999637340584483
3028,0.998880508256135
3029,0.36460591069981035
3030,0.00013999076809097265
3031,0.997695206560678
3032,0.9929087014542998
3033,0.9999290682825764
3034,0.5260558157575804
3035,0.0006932231025793895
3036,0.002442386153134796
3037,0.9990992317955588
3038,0.002474345279267605
3039,0.998167793624205
3040,0.0007016722396308839
3041,0.00014643489729352776
3042,0.9975509533524569
3043,0.9954895850967855
3044,0.9984791431242346
3045,0.015678370454850918
3046,0.9803385846752232
3047,0.5918170838460555
3048,0.9971379997754303
3049,0.9364078111615577
3050,0.9988269464407855
3051,0.8975334655456709
3052,0.0007934692459066482
3053,0.8746094496134971
3054,0.008713913165042426
3055,0.0005774894740605665
3056,0.9050498650682894
3057,0.9993488193449539
3058,0.9996362179336747
3059,5.906551129483705e-05
3060,0.42324304017462144
3061,0.00019955580935959383
3062,0.9995649473400667
3063,0.9913327316802647
3064,0.986894911438376
3065,9.406301166136869e-05
3066,0.9965082793985696
3067,0.000386761101140816
3068,0.9994819854814291
3069,0.4595841291380017
3070,0.9995479683435816
3071,0.9491406973142094
3072,0.00046754032172922894
3073,0.9997114229024696
3074,0.01745231813611965
3075,0.7995758229914659
3076,0.0328891795679282
3077,0.7819292219532824
3078,0.0007683906154796829
3079,0.00031528481763827787
3080,0.9992023599752592
3081,0.9985776558692359
3082,0.0001868118870155981
3083,0.04018888216263767
3084,0.2872342477375712
3085,0.840438771037181
3086,0.999796497037179
3087,0.9882124080362749
3088,0.9873885645190928
3089,0.950333800312402
3090,0.8650315035231715
3091,0.08579027797597147
3092,0.9985098371313875
3093,0.00439000870451703
3094,0.9972608497165935
3095,0.05399240585510283
3096,0.0002524860434701106
3097,0.979654065136322
3098,0.9997667267454609
3099,0.6928786988119746
3100,0.9967049909788082
3101,0.0014114183834157397
3102,0.5766405543671915
3103,0.015235852414223724
3104,0.21016789073784994
3105,0.9972824200922584
3106,0.0005239627095740218
3107,0.07600336502783588
3108,0.0008194537064922242
3109,0.027802064699850602
3110,0.0003252070548098783
3111,0.015791530695958716
3112,0.9830509706883638
3113,0.7890449317340468
3114,0.9506862990850431
3115,0.9993361520063306
3116,0.5836708796920987
3117,0.7546836171568511
3118,0.8760070548580317
3119,0.025923922535827135
3120,0.02098224184960245
3121,0.06881030166777942
3122,0.05375541875225287
3123,0.9415243481957735
3124,0.07129408681169706
3125,0.89633819343302
3126,0.999640906388684
3127,0.9967629144348502
3128,0.935241837191565
3129,0.9981111256047152
3130,0.9994092376646033
3131,0.9825572452613762
3132,0.9998168887565797
3133,0.00018227982569321953
3134,0.00021295992664014518
3135,0.3407459043203938
3136,0.00048248064382467297
3137,0.06299291792113317
3138,0.9994204067232834
3139,0.9980606564148232
3140,0.9984298290433965
3141,0.010034248425131113
3142,0.6552279406897861
3143,0.046340199665627996
3144,0.21960638930661902
3145,0.9996359109335596
3146,0.999557997943164
3147,0.9975515841613006
3148,0.9996297638213394
3149,0.23957937634586987
3150,0.0002257632935078987
3151,0.926816091719526
3152,0.9998724521181047
3153,0.9889820430433719
3154,0.9070989039076823
3155,0.008166652821176956
3156,0.9988137999845895
3157,0.9999456212293073
3158,0.9826235010855215
3159,0.9983192541697783
3160,0.000860028371390647
3161,0.99912971800794
3162,0.000532997165013307
3163,0.015075943127071048
3164,0.9990798277993889
3165,0.00033494720833450464
3166,0.00887742016611576
3167,0.995828872053711
3168,0.9985072456914075
3169,0.9769657681951606
3170,0.8949753761840769
3171,0.9991108321991924
3172,0.0013575295425219422
3173,0.9995800522907511
3174,0.9801896478015758
3175,0.0004940410670145447
3176,0.999489478241104
3177,0.004460116717284217
3178,0.9987948984052591
3179,0.012436545592301916
3180,0.998741408437265
3181,0.0015983079518907483
3182,0.9558325176085993
3183,0.9595157873252618
3184,0.9972997812533012
3185,0.999517993954331
3186,0.9994892007227925
3187,0.0008458027652211286
3188,0.9979110806551161
3189,0.9979012003752834
3190,0.002273106469324783
3191,0.0015224337503713327
3192,0.007124884411453606
3193,0.00015719906594186743
3194,0.00015662399137826802
3195,0.993779170175659
3196,0.6344688669189051
3197,0.009451477560195657
3198,0.000306950103800239
3199,0.007076617095982414
3200,0.9378669221716437
3201,0.9995218142465697
3202,0.9998316134083882
3203,0.8143910315195274
3204,0.0017085513110391016
3205,0.002541585626328467
3206,0.9990817291361387
3207,0.9995916777881112
3208,0.9971676509218993
3209,0.008289674562511899
3210,0.40852821375750126
3211,0.970627073549152
3212,0.03642210205418497
3213,0.0012036152436314868
3214,0.9980503600774657
3215,0.9962771944784624
3216,0.999386569271084
3217,0.7144739540800815
3218,0.8524504593194872
3219,0.010576258772002108
3220,0.00022371728135023037
3221,0.0005736199831497663
3222,0.9928750107838675
3223,0.9815796307340539
3224,0.8964331496269736
3225,0.9903413213552009
3226,0.9995470194619309
3227,0.3997368390113086
3228,0.0004002458940903967
3229,0.9728477005389492
3230,0.9913358499196093
3231,0.9702943947908693
3232,0.9874529463939921
3233,0.0003268690240264587
3234,0.9987292402823479
3235,0.3400976318114827
3236,0.3220653497420482
3237,0.05999839136304997
3238,0.19484759151306524
3239,0.9994531931760832
3240,0.9133066779169965
3241,0.991965231052513
3242,0.00041172788980469637
3243,0.9694643306907657
3244,0.9987634336737897
3245,0.9991930199797591
3246,0.0008972293271326265
3247,0.9201852874840099
3248,0.013502089569195184
3249,0.6296884043388484
3250,0.006158653347381997
3251,0.002552924517847757
3252,0.9932009330392391
3253,0.00021721423744028602
3254,0.0032362729774987062
3255,0.004677985544279978
3256,0.0007389572059466904
3257,0.9935873192641025
3258,0.9994487707122767
3259,0.9875326547856318
3260,0.181766103644925
3261,0.9994042689063688
3262,0.5805130147071176
3263,0.9976421487098304
3264,0.9990054184092818
3265,0.5352523411915326
3266,0.6362216070688098
3267,0.29531379128376106
3268,0.0003449047528146094
3269,0.0003255508713724322
3270,0.007440015358080443
3271,0.9984257323275699
3272,0.0006047369777609543
3273,0.9971835921622424
3274,0.9936464408082316
3275,0.9875548824288789
3276,0.38822267863543564
3277,0.00016100557873094203
3278,0.813530814585084
3279,0.9996430304897973
3280,0.0005512607615630759
3281,0.043105459369944484
3282,0.0006493849005993637
3283,0.9987727726551288
3284,0.9958788918173697
3285,0.0013880938399878757
3286,0.8766641060643576
3287,0.8231652722885056
3288,0.9985831400651852
3289,0.31162116855851274
3290,0.0004349236853873687
3291,0.0005866278433173339
3292,0.9993891251767419
3293,0.0004666115942458767
3294,0.2913861840357471
3295,0.9988481955308599
3296,0.9868110981103996
3297,0.3727128519977777
3298,0.00023197747686174624
3299,0.22216358984535542
3300,0.00669558295766071
3301,0.0002465728791428078
3302,0.0012337851884511315
3303,0.998803753664455
3304,0.9956499171241483
3305,0.000512254421815155
3306,0.029903322890402095
3307,0.0016844338420038264
3308,0.9967761799562701
3309,0.9971813594801551
3310,0.9997566879628428
3311,0.0024015725276393183
3312,0.898743370955608
3313,0.528780117102879
3314,0.9771157025036216
3315,0.21370082445012623
3316,0.0004182921420123381
3317,0.0030976911837278737
3318,0.9985880586081597
3319,0.9356531017206577
3320,0.008522965849853875
3321,0.9990851390887067
3322,0.0009647594757398594
3323,0.9993105735662806
3324,0.002312616966803847
3325,0.9844173168392184
3326,0.7117545273911011
3327,0.9987312016289939
3328,0.0007201418039544478
3329,0.008537270967921192
3330,0.0006453085440297222
3331,0.989920630210308
3332,0.05396030576253948
3333,0.0003945075341678013
3334,0.002989876220860237
3335,0.9962201862701018
3336,0.9591796841046385
3337,0.0002961480745683892
3338,0.5071059074273735
3339,0.9994913663652448
3340,0.9820467251975641
3341,0.9502377244168129
3342,0.0009558307278993278
3343,0.0009099631830334794
3344,0.0003329094676527005
3345,0.00015746877031728814
3346,0.0022123490329623878
3347,0.9102443827474213
3348,0.9987190586140869
3349,0.9994706936130806
3350,0.00016400783432740662
3351,0.8886666668080463
3352,0.010423685058292323
3353,0.9975150598780922
3354,0.9970387398109709
3355,0.9844246950993141
3356,0.01734848299983561
3357,0.5056346125383996
3358,0.29318336612623974
3359,0.9945617987541568
3360,0.9726598613454005
3361,0.0029784137734247744
3362,0.03526337818708769
3363,0.00021548420111142122
3364,0.9990778055488277
3365,0.20257384984682486
3366,0.9997254370449404
3367,0.9791818428648363
3368,0.8400698914704469
3369,0.2786714268432472
3370,0.9379352246591638
3371,0.9971755925085898
3372,0.9708671265625761
3373,0.0023922412630372055
3374,0.9969729629732724
3375,0.7786285998388555
3376,0.4687126247710156
3377,0.0005945738228138351
3378,0.0025961719974650532
3379,0.994848929097462
3380,0.972513125610578
3381,0.931544586751275
3382,0.4394570398668354
3383,0.9982554777617191
3384,0.9985259928112167
3385,0.9993390947291486
3386,0.9989830471057137
3387,0.06560693005739486
3388,0.07188427411945428
3389,0.9990153149770221
3390,0.9495709030442051
3391,0.9998632198221916
3392,0.9992242670197512
3393,0.0025974424991967743
3394,0.00023373281824807607
3395,0.0005877789679150216
3396,0.9961874466573013
3397,0.9282652867549848
3398,0.994506331447626
3399,0.010293227064489088
3400,0.9745932770982692
3401,0.9951270431829052
3402,0.006050452842943165
3403,0.9711301719206835
3404,0.02142853898686751
3405,0.0001813777029934435
3406,0.013894086324889417
3407,0.9991106523398787
3408,0.9874308341231056
3409,0.00010349626391277321
3410,0.03693010499671242
3411,0.03706705874490349
3412,0.29750625722792157
3413,0.9984710102144574
3414,0.43213064301787457
3415,0.9983443260727257
3416,0.0007754998629638808
3417,0.00016855898799262965
3418,0.9992680867936788
3419,0.9963582501051055
3420,0.0005542010717848874
3421,0.9958618274655443
3422,0.06498619769496097
3423,0.9380011062492684
3424,0.000946175532023202
3425,0.9997099934380158
3426,0.028945557033607777
3427,0.9989287740181533
3428,0.9958050328543515
3429,0.14708630833375416
3430,0.9977949721808831
3431,0.00011839837179877846
3432,0.0013486898027959755
3433,0.1403224115983008
3434,0.984877106459798
3435,0.019659706114030225
3436,0.03125304387073089
3437,0.1987979429389829
3438,0.9997525078662601
3439,0.001983174152871038
3440,0.9990668001787473
3441,0.9981159439741031
3442,0.9982394498106046
3443,0.9992103622944547
3444,0.00040059752019023316
3445,0.9994398451471083
3446,0.999679471797805
3447,0.07272289547302156
3448,0.012329386547396964
3449,0.8895322846470232
3450,0.9996613670378317
3451,0.9994039516081135
3452,0.16080285790788515
3453,0.9995447312615678
3454,0.000340995339707949
3455,0.9976412090648247
3456,0.9917068818367614
3457,0.0003988143425541957
3458,0.4098427884625739
3459,0.9981334518477225
3460,0.9996819984718597
3461,0.9994321630768473
3462,0.3899307773977718
3463,0.00028274050031645826
3464,0.9929863407943708
3465,0.9997286355408037
3466,0.00022663066498276117
3467,0.21997234527143983
3468,0.9978629895364457
3469,0.9987226098664682
3470,0.9892533562550174
3471,0.5270106298597855
3472,0.540660276392428
3473,0.00022682182839475198
3474,0.00047558153928190547
3475,0.0022084524622567195
3476,0.986896371929921
3477,0.08911447944090141
3478,0.7521357552887922
3479,0.8002520659543513
3480,0.8878301031063485
3481,0.999414286491917
3482,0.6357212946271931
3483,0.24977184910913855
3484,0.9958259881142318
3485,0.0006849966232706152
3486,0.0988204149609371
3487,0.9747776808000578
3488,0.9997525528400504
3489,0.00040135899011871433
3490,0.0010882068364103164
3491,0.08298986311785088
3492,0.20078523843570675
3493,0.000255351451073382
3494,0.998297784287883
3495,0.9442445469259738
3496,0.9909543297769411
3497,0.998302447316191
3498,0.3866728950000418
3499,0.5397357508944902
3500,0.9982223676284497
3501,0.9998745734614711
3502,0.00019293536498120504
3503,0.0005894963799357423
3504,0.986825746327545
3505,0.9475501439101155
3506,0.00046499628825848015
3507,0.9740668252230693
3508,0.9996313193859528
3509,0.9942735214455641
3510,0.9388650598299538
3511,0.007771851418455581
3512,0.9992144627374235
3513,0.9865246082496416
3514,0.9983305578556352
3515,0.0001470354106208065
3516,0.00023518109513276196
3517,0.9976437004334343
3518,0.9987129167209786
3519,0.00025389791936712805
3520,0.00038712440739668207
3521,0.7124856045404714
3522,0.8178192791336303
3523,0.9987417920749853
3524,0.3639432635194155
3525,0.9979986167899593
3526,0.99976165011767
3527,0.9992670078855916
3528,0.9976128175613673
3529,0.9972593828932399
3530,0.0005593797437287504
3531,0.9996568517371169
3532,0.003650650460752422
3533,0.8397716634477833
3534,0.9986916355483707
3535,0.005569649414163483
3536,0.002056467227128409
3537,0.9995070166151345
3538,0.9996855139256178
3539,0.9948072215746812
3540,0.910858303220743
3541,0.9795142308040972
3542,0.8654184636009618
3543,0.08561378281367453
3544,0.9263857514902815
3545,0.0002003751837990782
3546,0.00729643781492334
3547,0.9756726680880018
3548,0.9959053735684771
3549,0.0014946972386392335
3550,0.05973461360729338
3551,0.9791099201250518
3552,0.9949810490034103
3553,0.0004869117498620339
3554,0.9992762194045653
3555,0.49023983269226423
3556,0.9995724712209559
3557,0.0055794989066500515
3558,0.1462155291726232
3559,0.5477837881102398
3560,0.00024150321421062627
3561,0.8472614307508045
3562,0.0009107934212189117
3563,0.9997378219023078
3564,0.7940078755903899
3565,0.024195794608827575
3566,0.9628118756918006
3567,0.933491113719027
3568,0.9996645231798106
3569,0.17016461271719727
3570,0.015572702706933906
3571,0.5922649293031893
3572,0.9612417091285834
3573,0.01384117075134487
3574,0.014799525462598113
3575,0.1631128900755836
3576,0.0016745062235814538
3577,0.8577919175116564
3578,0.999329416844421
3579,0.9971951887660736
3580,0.0029119539090733376
3581,0.673875560484126
3582,0.9963677325459046
3583,0.9820272566288902
3584,0.6082710455951308
3585,0.999694509594217
3586,0.00034862522482268887
3587,0.0006923173285421144
3588,0.0032138023895132983
3589,0.0005439213096518533
3590,0.9618408084604856
3591,0.00017894666977696927
3592,0.00017578648410189086
3593,0.9977679297618992
3594,0.9988213368310498
3595,0.013110373371948734
3596,0.9995415753072118
3597,0.9982030169188257
3598,0.9993985987825663
3599,0.0027981888562487608
3600,0.003797078350354361
3601,0.7833297064696417
3602,0.8210689452348664
3603,0.0003155558745098385
3604,0.948316637548162
3605,0.009670451950965659
3606,0.9995653383615367
3607,0.9965510222632414
3608,0.00124766583717237
3609,0.977348542074412
3610,0.9769440435691611
3611,0.0022048541232522387
3612,0.02661365334851264
3613,0.0026399445312988547
3614,0.04167924180317145
3615,0.045790093640585026
3616,0.9941876721171691
3617,0.0007404085407987442
3618,0.998088923202179
3619,0.7387805653888508
3620,0.0011614325145771361
3621,0.041711636593515976
3622,0.9419671768714565
3623,0.0923312195850039
3624,0.9843546769420308
3625,0.9986993744694104
3626,0.7875633733778993
3627,0.9418911420098507
3628,0.996548991788493
3629,0.0006005302365511158
3630,0.00017169235898095126
3631,0.9398146637776512
3632,0.8791548547784622
3633,0.9997806733668559
3634,0.00020263465110492327
3635,0.08734230472564951
3636,0.14768327717906743
3637,0.0451041777883509
3638,0.04591159106194983
3639,0.0003457418781036405
3640,0.9358036636060859
3641,0.0015427558401909336
3642,0.9917062714357351
3643,0.40398130651053055
3644,0.9882702306116837
3645,0.9053752835270863
3646,0.10523789932656544
3647,0.3056820538584237
3648,0.9998677066272439
3649,0.9997521191813042
3650,0.9994331710495172
3651,0.9996620182898521
3652,0.7875132336294209
3653,0.9924388790323386
3654,0.001714010035227786
3655,0.004287790163934186
3656,0.9773233525798296
3657,0.9914691764428374
3658,0.0010221119608393025
3659,0.0013389983491554837
3660,0.9996093638454411
3661,0.0003788783722713303
3662,0.9971615032660756
3663,0.9025346475149819
3664,0.00015773124442810125
3665,0.9991840963005215
3666,0.003102706851236147
3667,0.09875251682753017
3668,0.08763153596306454
3669,0.9917585094954197
3670,0.0004967666994218345
3671,0.8944207574888399
3672,0.9975174937013629
3673,0.12889829981394502
3674,0.9876300249023652
3675,0.0009562771064479089
3676,0.08481037044532407
3677,0.0004461036520096312
3678,0.002557432934168362
3679,0.005731718132436224
3680,0.045343002586516405
3681,0.7517460879454294
3682,0.8659395923831233
3683,0.9995317573037086
3684,0.12404886679062999
3685,0.9871741870620366
3686,0.4117596909878056
3687,0.0008775070306417022
3688,0.012900205861497538
3689,0.0071961175992399954
3690,0.2360045673444239
3691,0.9996439777591495
3692,0.00048530952772499143
3693,0.9994122737874559
3694,0.008359353791855536
3695,0.9796334706614405
3696,0.0003353207985068144
3697,0.0011300578350106466
3698,0.9467491425856801
3699,0.3557949466877001
3700,0.9687429531437677
3701,0.7654185321997681
3702,0.00016067379371031865
3703,0.8212770036854702
3704,0.00022879600871004546
3705,0.00013222761230455025
3706,0.34662749151712674
3707,0.9967587048464176
3708,0.9998472376016523
3709,0.0039767292561085285
3710,0.4294054044162127
3711,0.9891420752976328
3712,0.9748767689730586
3713,0.0004585334136115108
3714,0.00418207861788513
3715,0.99973281947235
3716,0.997313065677347
3717,0.004211985312803609
3718,0.007776866973767494
3719,0.04314105488812383
3720,0.9512218308165629
3721,0.0002216956297175777
3722,0.905953526079073
3723,0.0006325695738677
3724,0.9995178100255703
3725,0.9469975327801083
3726,0.9982577087459211
3727,0.0007774055908239584
3728,0.9997417356721292
3729,0.0003804498126242694
3730,0.9864918551190411
3731,0.3858316722505085
3732,0.2695431018620211
3733,0.16569254979396505
3734,0.000885125401927188
3735,0.03153084934422102
3736,0.3250555403848043
3737,0.02582380822341311
3738,0.0007930931963306426
3739,0.016707645495507073
3740,0.5492771423252792
3741,0.0008139813434650178
3742,0.35167709722447743
3743,0.7839797876014095
3744,0.7121645969385679
3745,0.017551216089598587
3746,0.000251345414117438
3747,0.0030784130127598673
3748,0.9954820465907384
3749,0.16053111748579285
3750,0.9313772410725213
3751,0.004961593773705849
3752,0.9957343417532679
3753,0.001008638972262694
3754,0.0024718424127504563
3755,0.8868958012372644
3756,0.008169991771269012
3757,0.07612462309590691
3758,0.5306054130735077
3759,0.000424455921633349
3760,0.07422985887154798
3761,0.003053590125201388
3762,0.9965947477802616
3763,0.0007542366051698813
3764,0.9993310101695165
3765,0.007990301560043126
3766,0.00025163844280305035
3767,0.999572106426068
3768,0.9665105127843867
3769,0.9996874329899763
3770,0.9983356150684641
3771,0.0008621079970118578
3772,0.03206926449947998
3773,0.14590657108803273
3774,0.999575072749111
3775,0.0008125591822374623
3776,0.0012550543665850434
3777,0.9994609346848733
3778,0.0004683308467547487
3779,0.5639704515374132
3780,0.9985674943386852
3781,0.8092276007091646
3782,0.9590396442998597
3783,0.015225670701334546
3784,0.9998260503178128
3785,0.9212890707056343
3786,0.03558161602550463
3787,0.14998641289557196
3788,0.0002801125705111872
3789,0.0002480668088925595
3790,0.7707714130776563
3791,0.0025024080950449695
3792,0.9973467037000237
3793,0.000160282716103919
3794,0.005115192323145046
3795,0.9850264057836833
3796,0.0008035986226418154
3797,0.0004314852658089209
3798,0.0006452652955794887
3799,0.9979792874633103
3800,0.42929888150329565
3801,0.0016847302306220071
3802,0.9995542064593483
3803,0.9968244624095232
3804,0.0008458784159858153
3805,0.09872549047243266
3806,0.00023625907356479694
3807,0.0004342537270714303
3808,0.0006975157566022211
3809,0.00013601355954350833
3810,0.004588685833426237
3811,0.9995900198344218
3812,0.002385188597866261
3813,0.9941675222176011
3814,0.9990648355043207
3815,0.007588074964609403
3816,0.0020302741405373334
3817,0.9016103946480211
3818,0.23468224602113488
3819,0.4102395242767799
3820,0.0005955255467606697
3821,0.9047206202275163
3822,0.9662250632190414
3823,0.9987553262298523
3824,0.013189190572538626
3825,0.9866464152031926
3826,0.4429600415205348
3827,0.00018523245195460475
3828,0.5290912462286468
3829,0.9995656579399077
3830,0.01040198047650532
3831,0.06271492367617158
3832,0.9980077432386352
3833,0.999600860473934
3834,0.7595326633606438
3835,0.000792649804434652
3836,0.00239020080060105
3837,0.9890039772961019
3838,0.04010478254508597
3839,0.9916918262618498
3840,0.004585178686068977
3841,0.04462608389087015
3842,0.9766884806467568
3843,0.9972478727789882
3844,0.0034199358221353913
3845,0.9478850000108572
3846,0.9847602510920629
3847,0.9973265995730393
3848,0.5415908266505998
3849,0.9994645645842247
3850,0.024386399775264456
3851,0.9785901951564069
3852,0.12869176210034142
3853,0.8991886732576375
3854,0.1251146586532971
3855,0.9945715148599099
3856,0.9997298152750979
3857,0.0014142833429601044
3858,0.9985156696493324
3859,0.010586197277832861
3860,0.39229739637012356
3861,0.0008856491544175995
3862,0.035092960304900556
3863,0.9998215060050423
3864,0.5108660043654178
3865,0.1153788845402952
3866,0.9993344544676862
3867,0.0013645984586382555
3868,0.9978521802136967
3869,0.7455189417546101
3870,0.0005798854212179427
3871,0.9991106996290605
3872,0.9913478800881129
3873,0.00047145291769480364
3874,0.9074961614255941
3875,0.9995539876367834
3876,0.9997889161899662
3877,0.8650132948387935
3878,0.00017783701761575044
3879,0.2642568945772517
3880,0.010526663236272878
3881,0.9944599469007163
3882,0.646611337895863
3883,0.9962567776888208
3884,0.5484728966223996
3885,0.00011481989686316507
3886,0.9812204236250001
3887,0.9996481984097813
3888,0.968928159941384
3889,0.999881650514232
3890,0.0007171938463366164
3891,0.00012779125719917484
3892,0.9996186388251075
3893,0.9876903582647274
3894,0.9993315879178556
3895,0.00019436093542879093
3896,0.997593807198777
3897,0.9994883066641294
3898,0.9993195787019513
3899,0.9788350678950154
3900,0.9987897987645585
3901,0.0007338377840217067
3902,0.00015377690320943387
3903,0.0014875681298894426
3904,0.9796430701416207
3905,0.9902923619291784
3906,0.0013053481839169882
3907,0.3096631469975173
3908,0.9989809814434358
3909,0.11380918443657387
3910,0.09839780088964961
3911,0.03716849838283742
3912,0.9997166047009568
3913,0.06599626938434797
3914,0.0018865633638194595
3915,0.011764525756371108
3916,0.003920036653680226
3917,0.22627603329398271
3918,0.3182616657859293
3919,0.9995768823551421
3920,0.9998623818925009
3921,0.9997028792182959
3922,0.906941491920015
3923,0.00024289692695687458
3924,0.00040605915430934775
3925,0.9997455394618586
3926,0.0002681635168683756
3927,0.002641689321881917
3928,0.6933100479476278
3929,0.9977343696100409
3930,0.020195878529723644
3931,0.0020349662240056374
3932,0.9991704529404812
3933,0.9468303284840976
3934,0.9293676012110025
3935,0.9997953529590158
3936,0.9848786360573045
3937,0.00013420557744030863
3938,0.00014228765122983677
3939,0.9979943267633645
3940,0.021401523985913634
3941,0.9991964445835784
3942,0.0490591302600405
3943,0.9981604422276953
3944,0.06931900511827083
3945,0.0011029383950608472
3946,0.045420306054034236
3947,0.9991765810771102
3948,0.08711558326277341
3949,0.10208679638350882
3950,0.005884638695726305
3951,0.7915829161915721
3952,0.9996917949250874
3953,0.0016498787910705325
3954,0.9990574169921081
3955,0.6940211532437723
3956,0.9604203930724834
3957,0.000255637283036505
3958,0.983285502124618
3959,0.0003447659293716409
3960,0.004523908978283815
3961,0.33784750052684964
3962,0.015755190526449456
3963,0.9811713099581552
3964,0.13579056903373068
3965,0.9720753349548965
3966,0.07172927899082787
3967,0.9978247183033494
3968,0.33428668266565403
3969,0.0015679253772786692
3970,0.9097566273756712
3971,0.7639381089587851
3972,0.0007288339736641967
3973,0.9996432216828354
3974,0.75718198111504
3975,0.0009619124576464114
3976,0.0001771488326978204
3977,0.009079916462476353
3978,0.004634335913910756
3979,0.0014610945233506328
3980,0.0005823800517098506
3981,0.0003676706808632526
3982,0.28855637649241783
3983,0.25029693904602807
3984,0.9346644950114931
3985,0.0186226853643763
3986,0.9764182608986346
3987,0.9977599939441515
3988,0.9924275497694163
3989,0.05814626947526656
3990,0.9771162832300564
3991,0.999063057333501
3992,0.002091840381787159
3993,0.9895712335020291
3994,0.0004975950114635805
3995,0.9987821761659077
3996,0.999817477436834
3997,0.9576532056241426
3998,0.9956605641199299
3999,0.012473077268495085
4000,0.0006842618730902692
4001,0.9726642679620403
4002,0.995284682842523
4003,0.6244845011644884
4004,0.5412279203156345
4005,0.999068425955613
4006,0.9998649059771431
4007,0.9994882692773788
4008,0.8149947710506477
4009,0.005071600292882496
4010,0.9995663417288513
4011,0.0006963778323274819
4012,0.998714563228777
4013,0.9907451543938922
4014,0.9897921325613049
4015,0.056319722964409874
4016,0.3315685285432173
4017,0.6241413671775204
4018,0.99859745085315
4019,0.004406634010831864
4020,0.9933232756605545
4021,0.010480525092797828
4022,0.9996954913733744
4023,0.9936274708329963
4024,0.42485354387558555
4025,0.999559040872433
4026,0.002549436282874087
4027,0.0006017678213464534
4028,0.9997210961588812
4029,0.03034552743675819
4030,0.9967485128447308
4031,0.9966322404323632
4032,0.7747800758750583
4033,0.9996974513032278
4034,0.9996697047303058
4035,0.7485301809654955
4036,0.5012113659775513
4037,0.9994745621259844
4038,0.002471415808869482
4039,0.0004836151584269488
4040,0.30726586827979463
4041,0.30508092970625095
4042,0.0172621826377966
4043,0.006591059019790728
4044,0.1767587798186318
4045,0.000336105617831161
4046,0.000530762719801864
4047,0.9575324358117958
4048,0.0003613968257398701
4049,0.00041579509359919735
4050,0.0003101201869180633
4051,0.9992007878854011
4052,0.928317063954514
4053,0.9995890440149593
4054,0.000554030059354213
4055,0.101427992078413
4056,0.9994455101696232
4057,0.9648485639112181
4058,0.9951493469131615
4059,0.0896969996378173
4060,0.00045564308400564206
4061,0.9993676786824438
4062,0.0005989312651313122
4063,0.004257728338223992
4064,0.9996886492050394
4065,0.900209352671178
4066,0.008619493726505785
4067,0.9963793531346486
4068,0.9979171787305589
4069,0.9974932400174398
4070,0.9956022972814202
4071,0.9985054349406982
4072,0.9971656599312695
4073,0.5824545581048147
4074,0.9992997544506966
4075,0.004116083857922773
4076,0.9995773485305076
4077,0.9994421594268175
4078,0.46809073819837804
4079,0.8744566316120643
4080,0.9992189918652258
4081,0.9967111996679927
4082,7.13672724287355e-05
4083,0.5483729620577474
4084,0.9983148972353445
4085,0.0007347009290700459
4086,0.0008934010024804836
4087,0.9993792505939052
4088,0.08753809736730149
4089,0.000709819465053211
4090,0.9041344638383941
4091,0.0008528528515389019
4092,0.9929098691683644
4093,0.9999324782769551
4094,0.005268504005560542
4095,0.9975054384250897
4096,0.542104753705247
4097,0.9984372752431797
4098,0.0003272954683328162
4099,0.00013708181007847443
4100,0.00027873574288781854
4101,0.0020062158200298778
4102,0.03224549550059567
4103,0.998110290687217
4104,0.19436381039082526
4105,0.00029642216805075
4106,0.00015793229568196072
4107,0.0012351150299449059
4108,0.9908878322505382
4109,0.03477822768029301
4110,0.99544573096157
4111,0.9897832588044835
4112,0.6160145954084046
4113,0.9990724445763879
4114,0.014737839421058411
4115,0.9899417090802319
4116,0.8699920900568251
4117,0.9986275937174455
4118,0.9991923940733393
4119,0.9607360063137065
4120,0.0005069445495150911
4121,0.9958600928276963
4122,0.30462813963625845
4123,0.9699689100012847
4124,0.3995796525724451
4125,0.9854543897135881
4126,0.8147485060691837
4127,0.048780634079790754
4128,0.9042830301486295
4129,0.9891456487696405
4130,0.0006433942041357908
4131,0.0002862540246535172
4132,0.5964777316151201
4133,0.013034790832408934
4134,0.09998281695616534
4135,0.999609368108078
4136,0.664318160097006
4137,0.00023882486419721854
4138,0.5381666714354792
4139,0.0001797275454155245
4140,0.717688719763148
4141,0.00637325049441383
4142,0.9998593638394874
4143,0.15466393548492005
4144,0.9997903464320147
4145,0.3365976031444433
4146,0.29997667927695887
4147,0.9983217060485363
4148,0.0016007901161047512
4149,0.09344172393759655
4150,0.2231523181058422
4151,0.9095468148007538
4152,0.9990866232696126
4153,0.9996885975222615
4154,0.9490805125117507
4155,0.018898569072180023
4156,0.0187121262829266
4157,0.0013963970606375201
4158,0.0004002665026817948
4159,0.0952649470987145
4160,0.4835055707126635
4161,0.7045399813632278
4162,0.006225478216327438
4163,0.0008271365965667712
4164,0.0005085102817845713
4165,0.9994918573318702
4166,0.9998352927771209
4167,0.02590366830112342
4168,0.9996156605592612
4169,0.014638288441346682
4170,0.9322659990818171
4171,0.9996233880701019
4172,0.9044532755219633
4173,0.9261538867011094
4174,0.9768361303476555
4175,0.0010587810887904637
4176,0.029291011551009154
4177,0.0006040809413873919
4178,0.014946009608147542
4179,0.0059848009725490614
4180,0.34057409762116714
4181,0.08371239254091706
4182,0.0009856284149029684
4183,0.3138641423705516
4184,0.9997505453370736
4185,0.9971353232708096
4186,0.9998562508552301
4187,0.00014516971202962288
4188,0.999489318192939
4189,8.696882592330853e-05
4190,0.0003922630357294287
4191,0.999199135967942
4192,0.9675061693267575
4193,0.7144957195418915
4194,0.48226917538111513
4195,0.004827498508362355
4196,0.0004668951885054298
4197,0.0004935999731831457
4198,0.002497954513049663
4199,0.003264259902588584
4200,0.9980277855266376
4201,0.0003160328824773933
4202,0.0008087807602347243
4203,0.018339865235680163
4204,0.9964223373089052
4205,0.9997000705733518
4206,0.000389508413389389
4207,0.9992362213931711
4208,0.0012690383429660268
4209,0.9897166918949102
4210,0.5465994930770596
4211,0.03270603908844521
4212,0.000315282886693201
4213,0.9899866453248897
4214,0.16155915417740707
4215,0.131827062349922
4216,0.0018685581882333315
4217,0.9983624235642568
4218,0.000556409688923744
4219,0.9663911150607815
4220,0.006715844468838717
4221,0.9921075075396542
4222,0.005991541486260281
4223,0.038200831616366636
4224,0.9924623580122552
4225,0.8377135558756886
4226,0.5409764275045397
4227,0.8386028921742781
4228,0.9985486922380424
4229,0.00033731040074294665
4230,0.9993082547938628
4231,0.9990222047164907
4232,0.998898544936527
4233,0.00019877078827683502
4234,0.006123394487926385
4235,0.0014394063462928918
4236,0.009880017540267225
4237,0.880060863986143
4238,0.0006976268747704216
4239,0.00046455424049400904
4240,0.00023677941801070665
4241,0.00018336844219139897
4242,0.0005691063264304755
4243,0.9996476930460434
4244,0.9987512865309682
4245,0.0011587828141073453
4246,0.7221696515699368
4247,0.9549492301776576
4248,0.9520685933730438
4249,0.02316821569768382
4250,0.29207413011326344
4251,0.9997062447995658
4252,0.9997359143612474
4253,0.9995719650071336
4254,0.0003692487785495584
4255,0.0009651997423977773
4256,0.9991334400942097
4257,0.0008198851869142777
4258,0.002564380239713854
4259,0.000900038536514685
4260,0.0006516841886124759
4261,0.9458465736752208
4262,0.9994567098990088
4263,0.002556953127156205
4264,0.017502363128086056
4265,0.9598085883648856
4266,0.997634237640936
4267,0.9844110130104038
4268,0.9305359967731144
4269,0.9929035825680432
4270,0.0025550159377390374
4271,0.9993167824074118
4272,0.00018711905922020951
4273,0.9935199107327726
4274,0.3338860068278471
4275,0.2735068893114962
4276,0.000266248834503301
4277,0.9994721186625147
4278,0.0360979084837771
4279,0.9239836271935935
4280,0.0019115065542181526
4281,0.0013021381335624666
4282,0.9966029723812496
4283,0.999721270898063
4284,0.004467296850530484
4285,0.9920317237941374
4286,0.9986678959839895
4287,0.7128381942074657
4288,0.9614528502389957
4289,0.9964956116062696
4290,0.016599215500593536
4291,0.299291103029485
4292,0.9715428572934276
4293,0.006285639952852943
4294,0.9997044591183482
4295,0.010968985261373767
4296,0.0024258025819716383
4297,0.8902616134022341
4298,0.9999003295019047
4299,0.999449575779663
4300,0.0013260901322787926
4301,0.000575413973844692
4302,0.00540627690414134
4303,0.9993138036800694
4304,0.9993645336378962
4305,0.6164252292396538
4306,0.994732199551616
4307,0.005410529952704235
4308,0.99869489474278
4309,0.0014378499692415446
4310,0.9963282219662846
4311,0.9991300471540009
4312,0.0011176134162348486
4313,0.9499318981437227
4314,0.9978173020111746
4315,0.03540020501799346
4316,0.9881485653142955
4317,0.09591038007970414
4318,0.0008420821507141934
4319,0.9991970113940857
4320,0.3957709002366559
4321,0.12380198157494386
4322,0.987956549247874
4323,0.003529881090992841
4324,0.00034989927885395455
4325,0.9977554222175331
4326,0.9995229057422412
4327,0.9435025967806497
4328,0.9956309131193635
4329,0.0010096049956066122
4330,0.0004389259745565857
4331,0.9987678290691698
4332,0.999355098747005
4333,0.9956553833242612
4334,0.9481738751953329
4335,0.00117784545728934
4336,0.9958615746948158
4337,0.9998443155923867
4338,0.9998614033093318
4339,0.13166602329011723
4340,0.0018691338197818447
4341,0.9998200870358751
4342,0.9996108276104906
4343,0.9889239854951205
4344,0.5065515519473627
4345,0.9995641054266103
4346,0.0030653101752362933
4347,0.9988849425567468
4348,0.03623220205403398
4349,0.00031242352038112945
4350,0.967451842273938
4351,0.000271808973270053
4352,0.9953701796865985
4353,0.9284851270679806
4354,0.997978845210711
4355,0.3524747604053596
4356,0.00018395856849136262
4357,0.7369808060212191
4358,0.9898588274612532
4359,0.0009747686853084009
4360,0.8325319002753686
4361,0.9994536946741198
4362,0.9957628385508354
4363,0.0046239729053830225
4364,0.9986357191986863
4365,0.014369073020667245
4366,0.999680559049025
4367,0.00026645594097717055
4368,0.5518724613314867
4369,0.00036088905922828935
4370,0.007645525153429061
4371,0.8677469910020528
4372,0.9903913005645051
4373,0.00892212346366048
4374,0.966057047119729
4375,0.953921189266934
4376,0.07820523367768711
4377,0.9746613733925524
4378,0.15342467942902457
4379,0.00015777930582061187
4380,0.9574102549269556
4381,0.9473163146965933
4382,0.18414623776855657
4383,0.07287210440284088
4384,0.8558396126917273
4385,0.9875828038005514
4386,0.9964539947418375
4387,0.007019770940585285
4388,0.9988601564225987
4389,0.00020975852683571255
4390,0.04540501768955009
4391,0.0009428764177288877
4392,0.9103093995126005
4393,0.5554621130160462
4394,0.00024127174101967486
4395,0.9998739847703567
4396,0.9990648809164053
4397,0.0072927119115926715
4398,0.00026708525488387894
4399,0.0005112793123312669
4400,0.9986242204999034
4401,0.014991130907908665
4402,0.9992198582217812
4403,0.01803743410705568
4404,0.9564439780777574
4405,0.01588858068651436
4406,0.9932782081593339
4407,0.0001813333382888212
4408,0.9985862915056548
4409,0.01178511826077681
4410,0.006401327181785974
4411,0.9996548547334245
4412,0.5237390819433636
4413,0.017396480259078192
4414,0.5658676781351129
4415,0.7261440685561905
4416,0.0007687598157894123
4417,0.9881414174762402
4418,0.001297119058244783
4419,0.9994380496431023
4420,0.47875852675558483
4421,0.9984068293614524
4422,0.0020900177058885768
4423,0.9986585717995621
4424,0.002501705140209605
4425,0.1760244843858869
4426,0.14670568201317163
4427,0.9994870861273124
4428,0.9991245380475744
4429,0.2843769181900516
4430,0.0009243557696928392
4431,0.9648996417108431
4432,0.6761278016049475
4433,0.008571082586874263
4434,0.0022978397616870896
4435,0.9998670511401945
4436,0.9972545104834996
4437,0.008758857173254394
4438,0.9997670798003555
4439,0.9938810251666126
4440,0.9990845981310201
4441,0.9988902504861897
4442,0.001574165697734929
4443,0.001048571987868991
4444,0.0026605496073796014
4445,0.9967212219518006
4446,0.994952037100073
4447,0.0016234860096426573
4448,0.6620287611491227
4449,0.9987853791049969
4450,0.3085325052203523
4451,0.3495679786664997
4452,0.004011996961870043
4453,0.2282137802530471
4454,9.100964163671259e-05
4455,0.691505038750648
4456,0.0006408071503611079
4457,0.9994931054485059
4458,0.8778796687639078
4459,0.9611447932150352
4460,0.0001513305006197478
4461,0.1822190115605042
4462,0.9994391107725299
4463,0.0001319411886558881
4464,0.007636343826924937
4465,0.997689637563972
4466,0.9953451490686792
4467,0.9995305431145576
4468,0.2422294341727904
4469,0.0002034043419044524
4470,0.9985970321846128
4471,0.009802277381067415
4472,0.9992463019830429
4473,0.9992653131685676
4474,0.9943069401499074
4475,0.14032913382499385
4476,0.9335476771616639
4477,0.9932882907732192
4478,0.05357710910314794
4479,0.5612362307809359
4480,0.9995711000704706
4481,0.5944168447681106
4482,0.09650009495156561
4483,0.0013075170810109911
4484,0.9860120086906263
4485,0.9984394547855123
4486,0.9993305489546782
4487,0.00015748812615668195
4488,0.00016909624332564813
4489,0.9966632337650743
4490,0.9996054606815346
4491,0.08929327837209049
4492,0.9993924939806983
4493,0.6777389637128718
4494,0.9997995520398889
4495,0.9154202076101122
4496,0.9977537243369471
4497,0.990541758391648
4498,0.9969184865845367
4499,0.06901569159974119
4500,0.9989571335636419
4501,0.9921630483422477
4502,0.00020483336850379437
4503,0.060614047070135964
4504,0.0003592230981857871
4505,0.9998202265687177
4506,0.11283592622977653
4507,0.22434150177026274
4508,0.9994834925990231
4509,0.0009108736468563746
4510,0.685204704901945
4511,0.06062435081568843
4512,0.915780273166294
4513,0.002170474488645005
4514,0.00874577220004423
4515,0.006085431962582812
4516,0.0012406959204860964
4517,0.9045219927199983
4518,0.999812676746636
4519,0.998556153146198
4520,0.9997763618917829
4521,0.9953379021176548
4522,0.38660909454485
4523,0.9889093181205043
4524,0.3719331947838162
4525,0.996716000636651
4526,0.999456385809483
4527,0.8857250881775696
4528,0.9996721448616547
4529,0.012764781070388927
4530,0.002714673289774623
4531,0.2970429267430264
4532,0.0003296042641105919
4533,0.9989906430053764
4534,0.578368962018628
4535,0.9882630483725169
4536,0.26021386506581123
4537,0.002208325837095557
4538,0.9991447938675666
4539,0.9974263207741355
4540,0.00033676437995042104
4541,0.005045812387439804
4542,0.9995825577791478
4543,0.9981321228930391
4544,0.9999468316171303
4545,0.0006283081516140725
4546,0.002623031737723319
4547,0.0009546415861657121
4548,0.007957361407349435
4549,0.0005607452187635534
4550,0.49912783197739946
4551,0.0014775950146991292
4552,0.8527436521490493
4553,0.9963167157327629
4554,0.1450070888576147
4555,0.6084801564707093
4556,0.0004160164486251107
4557,0.055954349013523884
4558,0.9905606241590996
4559,0.01675681672652595
4560,0.9993102831218044
4561,0.9975418943125662
4562,0.002992509805831154
4563,0.9117668506866224
4564,0.9766813424308461
4565,0.0005127729371203691
4566,0.999251196155909
4567,0.07309800826932843
4568,0.9079977975958179
4569,0.0032506983363158096
4570,0.9991022717537457
4571,0.7901638045167307
4572,0.9700383206346159
4573,0.003967158059496254
4574,0.9965636441609941
4575,0.9995510417637985
4576,0.9991149581885783
4577,0.0019361715734410422
4578,0.003050946474213739
4579,0.9887540838926202
4580,0.9651866019996748
4581,0.36597095090854076
4582,0.5347442024130633
4583,0.0001254312947786062
4584,0.9883692469718935
4585,0.028217478389071286
4586,0.9975105515609142
4587,0.9919321081552017
4588,0.040031456867838745
4589,0.001724911313621333
4590,0.00036093356533941425
4591,0.9894229817280752
4592,0.0003341960780053889
4593,0.0003439115180627597
4594,0.9970245309979044
4595,0.9981434676836906
4596,0.08221366347911409
4597,0.9992347460490313
4598,0.997169655803473
4599,0.696273157817736
4600,0.0002536155948889256
4601,0.9282876546770017
4602,0.9988438146251949
4603,0.4453273667404337
4604,0.002952232181413588
4605,0.0010883454308535348
4606,0.9348031483633418
4607,0.9991713047845404
4608,0.04325778049895451
4609,0.012879926440877838
4610,0.9998237783695648
4611,0.9950155879057834
4612,0.856359662553314
4613,0.9479744774879645
4614,0.9994604070136734
4615,0.9971558947348311
4616,0.0003271402026758975
4617,0.395344329265629
4618,0.0013026789658381539
4619,0.9967420747075836
4620,0.9974183054655847
4621,0.9993936562030581
4622,0.6408152572484729
4623,0.9998583945310858
4624,0.7675723008713691
4625,0.0003017543352531317
4626,0.02994076401903682
4627,0.0026521285367710696
4628,0.00031935510251624805
4629,0.9792610264528667
4630,0.036922812382636505
4631,0.00020936239062247444
4632,0.9990429371578025
4633,0.9994799413740266
4634,0.34409636552326756
4635,0.9012370605243638
4636,0.9918938974448486
4637,0.998446187691166
4638,0.0008026401077683501
4639,0.0006560478745393199
4640,0.7973560622165463
4641,0.03262335067253121
4642,0.9986484963784142
4643,0.0004261603052921858
4644,0.9982162928085248
4645,0.9981266380875965
4646,0.0001377787245779624
4647,0.007013263598408416
4648,0.9996650394150584
4649,0.989518888716649
4650,0.007541760479691396
4651,0.9966381248676559
4652,0.9986932909971086
4653,0.00033023683984211846
4654,0.00010532892196989108
4655,0.972460342501669
4656,0.9995585266743755
4657,0.6554707703599956
4658,0.9997807611369698
4659,0.035427466999537374
4660,0.9993239857741206
4661,0.20429199729483552
4662,0.047776606599066095
4663,0.7832797565453838
4664,0.00022096709055992658
4665,0.9337330039115834
4666,0.0009009582307904736
4667,0.9995095122888094
4668,0.9998709270045821
4669,0.7026795476716702
4670,0.9923383481598641
4671,0.3427859586496915
4672,0.20497383894311924
4673,0.998763930556954
4674,0.466324636181311
4675,0.002641957964283706
4676,0.9995036581850929
4677,0.0002960226887308556
4678,0.9988731573257056
4679,0.1070071474204918
4680,0.002186745125422857
4681,0.9995291754660065
4682,0.00034491624651978794
4683,0.9978865010847887
4684,0.000488859903923415
4685,0.7713956960088542
4686,0.001208181262256785
4687,0.0005658407201685825
4688,0.48995820972007287
4689,0.02853980404948905
4690,0.9993548522577536
4691,0.0003759408452812908
4692,0.02804567352629464
4693,0.9956527911225976
4694,0.0016655972726260665
4695,0.00041859600604773173
4696,0.004961079386165287
4697,0.9985478433948524
4698,0.05357215869887249
4699,0.0003955820195396865
4700,0.0003658529899263048
4701,0.9994355853383472
4702,0.9994833618358525
4703,0.9753934271652014
4704,0.9997037053403381
4705,0.9864384977079513
4706,0.818933461123373
4707,0.4086188119018193
4708,0.9994053701687875
4709,0.9996486400987116
4710,0.9961518223317622
4711,0.9997825883094437
4712,0.0331984612413757
4713,0.9646371311840738
4714,0.8417729929390051
4715,0.07039079911478421
4716,0.9994196288528433
4717,0.0005049624714904894
4718,0.9935997484361894
4719,0.9935031032864565
4720,0.0004408765164925677
4721,0.9951008287592027
4722,0.9572525820122668
4723,0.9921862117501896
4724,0.9708079695173993
4725,0.9902497435059471
4726,0.7957970142504369
4727,0.006910040808835092
4728,0.0005171315211921629
4729,0.0040216133130806945
4730,0.00044126920404284614
4731,0.0008011033186255161
4732,0.9996281023698129
4733,0.9641998758093648
4734,0.9979765865357666
4735,0.9970854466988915
4736,0.9984448456592203
4737,0.02357833201856722
4738,0.9993574270678323
4739,0.000705077411780949
4740,0.00038653042293058584
4741,0.9993178182765983
4742,0.9994597037597919
4743,0.0003623894157983304
4744,0.4082101567034687
4745,0.0026911499266829464
4746,0.9740740024490239
4747,0.000829657523947823
4748,0.05287732326040746
4749,0.004494457364497411
4750,0.9790745500889235
4751,0.9734863937079433
4752,0.9455843791655288
4753,0.01949115511676054
4754,9.104012186813453e-05
4755,0.9980471489193099
4756,0.08035319564222901
4757,0.9954055981322453
4758,0.01647751115176756
4759,0.9969423710579939
4760,0.5936670956220704
4761,0.00023820524983310487
4762,0.9859946113778091
4763,0.0002668854000146789
4764,0.9975455713426818
4765,0.9997853567366626
4766,0.999296824765617
4767,0.9980303544389744
4768,0.995969272785627
4769,0.9877193925638043
4770,0.9862191004307693
4771,0.9927275413968637
4772,0.9487706829533864
4773,0.001164976615679839
4774,0.6834526874234645
4775,0.002406510354675413
4776,0.033755257418820774
4777,0.977973809242434
4778,0.9663979989750134
4779,0.19263451743453894
4780,0.4612223472658855
4781,0.0002654607388319818
4782,0.9957475749827606
4783,0.7745121996315765
4784,0.9733890511208331
4785,0.8038196875652683
4786,0.9851898707404304
4787,0.0015680531435770142
4788,0.004153305528929899
4789,0.00014737241874287213
4790,0.9932028566571877
4791,0.0016905278397132972
4792,0.050119683433250094
4793,0.9996227962174604
4794,0.9991183213785381
4795,0.9995297341329664
4796,0.9984929703277079
4797,0.9995165011569072
4798,0.998016243705806
4799,0.005366465617535811
4800,0.0019054076276251951
4801,0.9986195400940532
4802,0.9998073751485511
4803,0.6916366062690069
4804,0.9992574073973669
4805,0.9608191922259758
4806,0.9886092508893983
4807,0.0003152969126342447
4808,0.9986551348027002
4809,0.004170262526933848
4810,0.0023382340894899842
4811,0.03816388147332701
4812,0.9996858635292696
4813,0.9994316791762573
4814,0.03133248326646572
4815,0.025767400016849275
4816,0.44962904124535213
4817,0.02324473019721505
4818,0.8756656154048772
4819,0.000440173502713173
4820,0.8590090627309531
4821,0.9007923579472558
4822,0.9425489850848677
4823,0.613394573672276
4824,0.9306346441062832
4825,0.9993739138510185
4826,0.0031503107049924224
4827,0.9954867643028749
4828,0.0035374304550607077
4829,0.9997721694720427
4830,0.0226672524763972
4831,0.02242792541949478
4832,0.0006840545540501762
4833,0.9996795397090134
4834,0.999417622923322
4835,0.9926833163974412
4836,0.9978871551425487
4837,0.999812298891998
4838,0.1977120285354587
4839,0.02117759410288789
4840,0.02378022954588935
4841,0.02554950820376549
4842,0.999224450138564
4843,0.9994273490969084
4844,0.9982490177965219
4845,0.9983019096030159
4846,0.0009749651080798444
4847,0.00018643333280031143
4848,0.0003507079661248489
4849,0.9097287369884334
4850,0.9995979326160587
4851,0.9991290256570452
4852,0.013494435477787213
4853,0.9998090848774737
4854,0.9990452989047806
4855,0.9995116829128032
4856,0.00045755334391248066
4857,0.0009404084923108999
4858,0.9992739530510627
4859,0.7876405488661372
4860,0.9668215687702227
4861,0.9996817339578673
4862,0.9935590467163233
4863,0.9996306240402806
4864,0.000819231639045283
4865,0.9996073605353554
4866,0.0018778571921168551
4867,0.6383078597022336
4868,0.8726485261187376
4869,0.920185948137813
4870,0.9926910975265496
4871,0.00027400275367758537
4872,0.06056184224793761
4873,0.9968633951864495
4874,0.9906759746260362
4875,0.5495147726933857
4876,0.003135851109624098
4877,0.9683233677057776
4878,0.00011108631955533415
4879,0.00021964133277752745
4880,0.9723660327637242
4881,0.9895049756730293
4882,0.9939460617517301
4883,0.9988825780446077
4884,0.8171857200106543
4885,0.0006724655027189187
4886,0.0004718835296987258
4887,0.8646097222980049
4888,0.9981402949378595
4889,0.759799484497315
4890,0.232706781719355
4891,0.23042883668529782
4892,0.9939721520849412
4893,0.00015430577913386111
4894,0.9994727669638112
4895,0.9987012511473088
4896,0.986747458533304
4897,0.005548988020329917
4898,0.9621764404122999
4899,0.00020664430716919838
4900,0.39922977973989415
4901,0.028338203482188008
4902,0.7540117883773241
4903,0.04795505500357823
4904,0.0015755325726115668
4905,0.03472865026701188
4906,0.0003817506870136445
4907,0.9533148062748852
4908,0.9998860450907097
4909,0.0023478480500073585
4910,0.48192729156576153
4911,0.999856771019994
4912,0.993964924861032
4913,0.0003203186828900216
4914,0.9998499756290863
4915,0.8565892178646607
4916,0.9145020752051412
4917,0.03433752006174439
4918,0.9998144671694835
4919,0.0004260823596233997
4920,0.9997544667620496
4921,0.8152338544314907
4922,0.9955488238078192
4923,0.0020172079600087457
4924,0.8839240905056628
4925,0.9608237738408238
4926,0.011673696897153793
4927,0.5545554283614503
4928,0.0068234030129958965
4929,0.000197502614144141
4930,0.9993627335862195
4931,0.0027815714826959423
4932,0.03969427571048139
4933,0.01054757597474539
4934,0.9968276798183908
4935,0.9406374152267848
4936,0.02532887613792883
4937,0.9989357759798715
4938,0.0015456016600941065
4939,0.9904249229060883
4940,0.8849518374438768
4941,0.008335954386921618
4942,0.10753883987298885
4943,0.0029908378600052316
4944,0.9992148298471023
4945,0.00102076963794035
4946,0.9901798054175265
4947,0.9875995411018662
4948,0.999526048718673
4949,0.5574487051874595
4950,0.9963975452912012
4951,0.9993268879437675
4952,0.9964183851188209
4953,0.003621727101108011
4954,0.7331408486977422
4955,0.00034113003805300344
4956,0.42203395564092094
4957,0.9994939794107923
4958,0.011398029927812815
4959,0.9998131893845481
4960,0.9975668513903536
4961,0.9998818389609423
4962,0.0012630547593012228
4963,0.775324060777561
4964,0.7827363206244982
4965,0.0002708809234881522
4966,0.998873915186957
4967,0.005099228405405083
4968,0.00034114411333732367
4969,0.0002642090180211142
4970,0.0017665023138760155
4971,0.09788090000156587
4972,0.9906210784079729
4973,0.9992084651736269
4974,0.00025506398849637187
4975,0.9971904583837655
4976,0.40990353346044395
4977,0.9939338077541598
4978,0.522047910662418
4979,0.015047484760267236
4980,0.0011085304721679865
4981,0.9586482665916621
4982,0.9794020877879734
4983,0.9990477969259951
4984,0.8898785201963215
4985,0.0023945563748375533
4986,0.0001900096418859496
4987,0.9996681509851876
4988,0.010341588644507153
4989,0.7277246474983492
4990,0.0008047992332765238
4991,0.0011424394359969808
4992,0.6528969709766355
4993,0.9976524324430727
4994,0.13749074089927835
4995,0.9994806524802694
4996,0.008471694648313252
4997,0.0043035213771579406
4998,0.301179465513054
4999,5.312905953848973e-05
